Round,Date,Team 1,FT,Team 2
1,Sat Aug 9 2014,Tranmere Rovers FC,1-1,York City FC
1,Sat Aug 9 2014,Stevenage FC,1-0,Hartlepool United FC
1,Sat Aug 9 2014,Oxford United FC,0-1,Burton Albion FC
1,Sat Aug 9 2014,Northampton Town FC,1-0,Mansfield Town FC
1,Sat Aug 9 2014,Newport County AFC,0-2,Wycombe Wanderers FC
1,Sat Aug 9 2014,Exeter City FC,1-1,Portsmouth FC
1,Sat Aug 9 2014,Dagenham & Redbridge FC,0-3,Morecambe FC
1,Sat Aug 9 2014,Carlisle United FC,0-1,Luton Town FC
1,Sat Aug 9 2014,Cambridge United FC,1-0,Plymouth Argyle FC
1,Sat Aug 9 2014,Bury FC,0-1,Cheltenham Town FC
1,Sat Aug 9 2014,AFC Wimbledon,2-2,Shrewsbury Town FC
1,Sat Aug 9 2014,Accrington Stanley FC,0-1,Southend United FC
2,Sat Aug 16 2014,York City FC,1-1,Northampton Town FC
2,Sat Aug 16 2014,Wycombe Wanderers FC,3-1,Carlisle United FC
2,Sat Aug 16 2014,Southend United FC,2-0,Stevenage FC
2,Sat Aug 16 2014,Shrewsbury Town FC,2-1,Tranmere Rovers FC
2,Sat Aug 16 2014,Portsmouth FC,2-1,Cambridge United FC
2,Sat Aug 16 2014,Burton Albion FC,2-1,Dagenham & Redbridge FC
2,Sat Aug 16 2014,Morecambe FC,3-2,Newport County AFC
2,Sat Aug 16 2014,Mansfield Town FC,2-1,Oxford United FC
2,Sat Aug 16 2014,Luton Town FC,0-1,AFC Wimbledon
2,Sat Aug 16 2014,Hartlepool United FC,0-2,Bury FC
2,Sat Aug 16 2014,Cheltenham Town FC,2-1,Accrington Stanley FC
2,Sat Aug 16 2014,Plymouth Argyle FC,3-0,Exeter City FC
3,Tue Aug 19 2014,York City FC,2-2,Cambridge United FC
3,Tue Aug 19 2014,Wycombe Wanderers FC,0-2,Tranmere Rovers FC
3,Tue Aug 19 2014,Southend United FC,0-1,AFC Wimbledon
3,Tue Aug 19 2014,Shrewsbury Town FC,4-0,Accrington Stanley FC
3,Tue Aug 19 2014,Portsmouth FC,2-0,Northampton Town FC
3,Tue Aug 19 2014,Plymouth Argyle FC,1-1,Stevenage FC
3,Tue Aug 19 2014,Morecambe FC,1-0,Oxford United FC
3,Tue Aug 19 2014,Mansfield Town FC,1-0,Newport County AFC
3,Tue Aug 19 2014,Luton Town FC,1-1,Bury FC
3,Tue Aug 19 2014,Hartlepool United FC,0-2,Dagenham & Redbridge FC
3,Tue Aug 19 2014,Cheltenham Town FC,0-0,Carlisle United FC
3,Tue Aug 19 2014,Burton Albion FC,1-0,Exeter City FC
4,Sat Aug 23 2014,Tranmere Rovers FC,2-3,Cheltenham Town FC
4,Sat Aug 23 2014,Stevenage FC,1-3,Wycombe Wanderers FC
4,Sat Aug 23 2014,Oxford United FC,0-1,Portsmouth FC
4,Sat Aug 23 2014,Northampton Town FC,1-1,Shrewsbury Town FC
4,Sat Aug 23 2014,Newport County AFC,1-1,Burton Albion FC
4,Sat Aug 23 2014,Exeter City FC,1-1,York City FC
4,Sat Aug 23 2014,Dagenham & Redbridge FC,2-0,Mansfield Town FC
4,Sat Aug 23 2014,Carlisle United FC,1-1,Southend United FC
4,Sat Aug 23 2014,Cambridge United FC,1-2,Morecambe FC
4,Sat Aug 23 2014,Bury FC,2-1,Plymouth Argyle FC
4,Sat Aug 23 2014,AFC Wimbledon,1-2,Hartlepool United FC
4,Sat Aug 23 2014,Accrington Stanley FC,2-2,Luton Town FC
5,Sat Aug 30 2014,York City FC,0-0,Wycombe Wanderers FC
5,Sat Aug 30 2014,Tranmere Rovers FC,2-1,Morecambe FC
5,Sat Aug 30 2014,Shrewsbury Town FC,2-0,Luton Town FC
5,Sat Aug 30 2014,Portsmouth FC,0-1,Newport County AFC
5,Sat Aug 30 2014,Plymouth Argyle FC,2-0,Southend United FC
5,Sat Aug 30 2014,AFC Wimbledon,2-3,Stevenage FC
5,Sat Aug 30 2014,Northampton Town FC,1-0,Exeter City FC
5,Sat Aug 30 2014,Mansfield Town FC,1-2,Burton Albion FC
5,Sat Aug 30 2014,Cheltenham Town FC,1-0,Hartlepool United FC
5,Sat Aug 30 2014,Cambridge United FC,5-0,Carlisle United FC
5,Sat Aug 30 2014,Bury FC,2-1,Accrington Stanley FC
5,Sat Aug 30 2014,Oxford United FC,3-3,Dagenham & Redbridge FC
6,Sat Sep 6 2014,Luton Town FC,0-1,Plymouth Argyle FC
6,Sat Sep 6 2014,Wycombe Wanderers FC,0-0,Bury FC
6,Sat Sep 6 2014,Stevenage FC,2-3,York City FC
6,Sat Sep 6 2014,Southend United FC,1-1,Oxford United FC
6,Sat Sep 6 2014,Morecambe FC,0-0,Cheltenham Town FC
6,Sat Sep 6 2014,Accrington Stanley FC,3-2,Tranmere Rovers FC
6,Sat Sep 6 2014,Exeter City FC,1-2,Mansfield Town FC
6,Sat Sep 6 2014,Dagenham & Redbridge FC,0-2,Northampton Town FC
6,Sat Sep 6 2014,Carlisle United FC,4-4,AFC Wimbledon
6,Sat Sep 6 2014,Hartlepool United FC,2-0,Shrewsbury Town FC
6,Sun Sep 7 2014,Burton Albion FC,2-0,Portsmouth FC
6,Mon Sep 8 2014,Newport County AFC,1-1,Cambridge United FC
7,Sat Sep 13 2014,Wycombe Wanderers FC,2-1,Mansfield Town FC
7,Sat Sep 13 2014,Stevenage FC,1-0,Shrewsbury Town FC
7,Sat Sep 13 2014,Southend United FC,2-0,Portsmouth FC
7,Sat Sep 13 2014,Newport County AFC,3-2,Northampton Town FC
7,Sat Sep 13 2014,Morecambe FC,2-1,Plymouth Argyle FC
7,Sat Sep 13 2014,Luton Town FC,1-0,Cheltenham Town FC
7,Sat Sep 13 2014,Hartlepool United FC,0-0,Tranmere Rovers FC
7,Sat Sep 13 2014,Exeter City FC,1-1,Oxford United FC
7,Sat Sep 13 2014,Dagenham & Redbridge FC,2-3,Cambridge United FC
7,Sat Sep 13 2014,Carlisle United FC,0-3,Bury FC
7,Sat Sep 13 2014,Burton Albion FC,2-0,York City FC
7,Sat Sep 13 2014,Accrington Stanley FC,1-0,AFC Wimbledon
8,Tue Sep 16 2014,York City FC,0-0,Luton Town FC
8,Tue Sep 16 2014,Tranmere Rovers FC,0-0,Newport County AFC
8,Tue Sep 16 2014,Shrewsbury Town FC,1-0,Carlisle United FC
8,Tue Sep 16 2014,Portsmouth FC,3-0,Dagenham & Redbridge FC
8,Tue Sep 16 2014,Plymouth Argyle FC,0-1,Wycombe Wanderers FC
8,Tue Sep 16 2014,AFC Wimbledon,3-0,Burton Albion FC
8,Tue Sep 16 2014,Northampton Town FC,5-1,Hartlepool United FC
8,Tue Sep 16 2014,Mansfield Town FC,1-0,Morecambe FC
8,Tue Sep 16 2014,Cheltenham Town FC,0-1,Southend United FC
8,Tue Sep 16 2014,Cambridge United FC,1-2,Exeter City FC
8,Tue Sep 16 2014,Bury FC,2-1,Stevenage FC
8,Tue Sep 16 2014,Oxford United FC,3-1,Accrington Stanley FC
9,Sat Sep 20 2014,York City FC,2-3,Southend United FC
9,Sat Sep 20 2014,Tranmere Rovers FC,1-2,Exeter City FC
9,Sat Sep 20 2014,Shrewsbury Town FC,0-0,Newport County AFC
9,Sat Sep 20 2014,Portsmouth FC,1-1,Wycombe Wanderers FC
9,Sat Sep 20 2014,Plymouth Argyle FC,2-0,Hartlepool United FC
9,Sat Sep 20 2014,Oxford United FC,0-0,Stevenage FC
9,Sat Sep 20 2014,Northampton Town FC,4-5,Accrington Stanley FC
9,Sat Sep 20 2014,Mansfield Town FC,3-2,Carlisle United FC
9,Sat Sep 20 2014,Cheltenham Town FC,1-1,Dagenham & Redbridge FC
9,Sat Sep 20 2014,Cambridge United FC,0-1,Luton Town FC
9,Sat Sep 20 2014,Bury FC,3-1,Burton Albion FC
9,Sat Sep 20 2014,AFC Wimbledon,1-0,Morecambe FC
10,Sat Sep 27 2014,Wycombe Wanderers FC,1-0,Cambridge United FC
10,Sat Sep 27 2014,Stevenage FC,3-0,Mansfield Town FC
10,Sat Sep 27 2014,Southend United FC,1-0,Shrewsbury Town FC
10,Sat Sep 27 2014,Newport County AFC,4-1,AFC Wimbledon
10,Sat Sep 27 2014,Morecambe FC,0-1,Northampton Town FC
10,Sat Sep 27 2014,Luton Town FC,2-0,Oxford United FC
10,Sat Sep 27 2014,Hartlepool United FC,0-0,Portsmouth FC
10,Sat Sep 27 2014,Exeter City FC,2-1,Bury FC
10,Sat Sep 27 2014,Dagenham & Redbridge FC,2-0,York City FC
10,Sat Sep 27 2014,Carlisle United FC,1-0,Tranmere Rovers FC
10,Sat Sep 27 2014,Burton Albion FC,1-0,Cheltenham Town FC
10,Sat Sep 27 2014,Accrington Stanley FC,1-0,Plymouth Argyle FC
11,Fri Oct 3 2014,Dagenham & Redbridge FC,1-2,Exeter City FC
11,Fri Oct 3 2014,Burton Albion FC,1-3,Cambridge United FC
11,Sat Oct 4 2014,Bury FC,2-0,Tranmere Rovers FC
11,Sat Oct 4 2014,Wycombe Wanderers FC,1-1,Northampton Town FC
11,Sat Oct 4 2014,Stevenage FC,1-2,Luton Town FC
11,Sat Oct 4 2014,York City FC,0-0,Portsmouth FC
11,Sat Oct 4 2014,Plymouth Argyle FC,1-0,Shrewsbury Town FC
11,Sat Oct 4 2014,Oxford United FC,1-0,Newport County AFC
11,Sat Oct 4 2014,Mansfield Town FC,0-1,Accrington Stanley FC
11,Sat Oct 4 2014,Hartlepool United FC,0-3,Carlisle United FC
11,Sat Oct 4 2014,Cheltenham Town FC,1-1,AFC Wimbledon
11,Sat Oct 4 2014,Southend United FC,0-1,Morecambe FC
12,Sat Oct 11 2014,Cambridge United FC,5-1,Oxford United FC
12,Sat Oct 11 2014,Northampton Town FC,1-2,Burton Albion FC
12,Sat Oct 11 2014,Tranmere Rovers FC,0-1,Plymouth Argyle FC
12,Sat Oct 11 2014,Shrewsbury Town FC,3-1,Cheltenham Town FC
12,Sat Oct 11 2014,Portsmouth FC,1-1,Mansfield Town FC
12,Sat Oct 11 2014,Accrington Stanley FC,1-2,Dagenham & Redbridge FC
12,Sat Oct 11 2014,Morecambe FC,1-3,Wycombe Wanderers FC
12,Sat Oct 11 2014,Luton Town FC,2-0,Southend United FC
12,Sat Oct 11 2014,Exeter City FC,1-2,Hartlepool United FC
12,Sat Oct 11 2014,Carlisle United FC,3-0,Stevenage FC
12,Sat Oct 11 2014,AFC Wimbledon,3-2,Bury FC
12,Sat Oct 11 2014,Newport County AFC,3-1,York City FC
13,Sat Oct 18 2014,York City FC,0-1,Shrewsbury Town FC
13,Sat Oct 18 2014,Wycombe Wanderers FC,2-0,AFC Wimbledon
13,Sat Oct 18 2014,Stevenage FC,2-1,Accrington Stanley FC
13,Sat Oct 18 2014,Southend United FC,1-1,Exeter City FC
13,Sat Oct 18 2014,Plymouth Argyle FC,1-0,Carlisle United FC
13,Sat Oct 18 2014,Oxford United FC,2-0,Tranmere Rovers FC
13,Sat Oct 18 2014,Mansfield Town FC,0-0,Cambridge United FC
13,Sat Oct 18 2014,Hartlepool United FC,1-2,Luton Town FC
13,Sat Oct 18 2014,Dagenham & Redbridge FC,0-1,Newport County AFC
13,Sat Oct 18 2014,Cheltenham Town FC,3-2,Northampton Town FC
13,Sat Oct 18 2014,Bury FC,3-0,Portsmouth FC
13,Sat Oct 18 2014,Burton Albion FC,0-2,Morecambe FC
14,Tue Oct 21 2014,Tranmere Rovers FC,0-0,Mansfield Town FC
14,Tue Oct 21 2014,Shrewsbury Town FC,5-0,Bury FC
14,Tue Oct 21 2014,Portsmouth FC,3-2,Stevenage FC
14,Tue Oct 21 2014,Northampton Town FC,1-3,Oxford United FC
14,Tue Oct 21 2014,Newport County AFC,1-0,Southend United FC
14,Tue Oct 21 2014,Accrington Stanley FC,3-1,Hartlepool United FC
14,Tue Oct 21 2014,Luton Town FC,3-1,Dagenham & Redbridge FC
14,Tue Oct 21 2014,Exeter City FC,2-1,Wycombe Wanderers FC
14,Tue Oct 21 2014,Carlisle United FC,3-4,Burton Albion FC
14,Tue Oct 21 2014,Cambridge United FC,1-2,Cheltenham Town FC
14,Tue Oct 21 2014,AFC Wimbledon,0-0,Plymouth Argyle FC
14,Tue Oct 21 2014,Morecambe FC,1-1,York City FC
15,Sat Oct 25 2014,York City FC,1-1,Mansfield Town FC
15,Sat Oct 25 2014,Wycombe Wanderers FC,1-1,Dagenham & Redbridge FC
15,Sat Oct 25 2014,Stevenage FC,1-0,Burton Albion FC
15,Sat Oct 25 2014,Southend United FC,1-1,Bury FC
15,Sat Oct 25 2014,Shrewsbury Town FC,2-1,Portsmouth FC
15,Sat Oct 25 2014,Plymouth Argyle FC,3-0,Cheltenham Town FC
15,Sat Oct 25 2014,Newport County AFC,1-1,Accrington Stanley FC
15,Sat Oct 25 2014,Luton Town FC,1-0,Northampton Town FC
15,Sat Oct 25 2014,Carlisle United FC,2-1,Oxford United FC
15,Sat Oct 25 2014,Cambridge United FC,2-1,Hartlepool United FC
15,Sat Oct 25 2014,AFC Wimbledon,2-2,Tranmere Rovers FC
15,Sun Oct 26 2014,Morecambe FC,0-2,Exeter City FC
16,Fri Oct 31 2014,Accrington Stanley FC,2-1,Morecambe FC
16,Sat Nov 1 2014,Tranmere Rovers FC,2-2,Stevenage FC
16,Sat Nov 1 2014,Portsmouth FC,3-0,Carlisle United FC
16,Sat Nov 1 2014,Oxford United FC,1-2,Wycombe Wanderers FC
16,Sat Nov 1 2014,Northampton Town FC,2-0,AFC Wimbledon
16,Sat Nov 1 2014,Mansfield Town FC,1-2,Southend United FC
16,Sat Nov 1 2014,Hartlepool United FC,2-2,Newport County AFC
16,Sat Nov 1 2014,Exeter City FC,1-1,Luton Town FC
16,Sat Nov 1 2014,Dagenham & Redbridge FC,1-2,Shrewsbury Town FC
16,Sat Nov 1 2014,Cheltenham Town FC,0-1,York City FC
16,Sat Nov 1 2014,Burton Albion FC,1-1,Plymouth Argyle FC
16,Sat Nov 1 2014,Bury FC,2-0,Cambridge United FC
17,Fri Nov 14 2014,Cambridge United FC,2-1,Northampton Town FC
17,Sat Nov 15 2014,Stevenage FC,5-1,Cheltenham Town FC
17,Sat Nov 15 2014,Morecambe FC,1-0,Bury FC
17,Sat Nov 15 2014,York City FC,0-1,Oxford United FC
17,Sat Nov 15 2014,Plymouth Argyle FC,3-0,Portsmouth FC
17,Sat Nov 15 2014,AFC Wimbledon,1-0,Dagenham & Redbridge FC
17,Sat Nov 15 2014,Shrewsbury Town FC,2-0,Mansfield Town FC
17,Sat Nov 15 2014,Luton Town FC,1-0,Tranmere Rovers FC
17,Sat Nov 15 2014,Carlisle United FC,1-0,Accrington Stanley FC
17,Sat Nov 15 2014,Southend United FC,1-0,Hartlepool United FC
17,Sun Nov 16 2014,Newport County AFC,2-2,Exeter City FC
17,Mon Nov 17 2014,Wycombe Wanderers FC,1-3,Burton Albion FC
18,Sat Nov 22 2014,Mansfield Town FC,1-0,Plymouth Argyle FC
18,Sat Nov 22 2014,Portsmouth FC,3-0,Morecambe FC
18,Sat Nov 22 2014,Oxford United FC,0-0,AFC Wimbledon
18,Sat Nov 22 2014,Northampton Town FC,1-0,Stevenage FC
18,Sat Nov 22 2014,Tranmere Rovers FC,1-2,Southend United FC
18,Sat Nov 22 2014,Accrington Stanley FC,2-1,Cambridge United FC
18,Sat Nov 22 2014,Exeter City FC,3-2,Shrewsbury Town FC
18,Sat Nov 22 2014,Dagenham & Redbridge FC,4-2,Carlisle United FC
18,Sat Nov 22 2014,Cheltenham Town FC,1-4,Wycombe Wanderers FC
18,Sat Nov 22 2014,Bury FC,1-3,Newport County AFC
18,Sat Nov 22 2014,Burton Albion FC,1-0,Luton Town FC
18,Sat Nov 22 2014,Hartlepool United FC,1-3,York City FC
19,Fri Nov 28 2014,Accrington Stanley FC,2-3,Exeter City FC
19,Sat Nov 29 2014,Luton Town FC,3-0,Mansfield Town FC
19,Sat Nov 29 2014,Stevenage FC,1-1,Morecambe FC
19,Sat Nov 29 2014,Southend United FC,2-0,Northampton Town FC
19,Sat Nov 29 2014,Shrewsbury Town FC,1-0,Burton Albion FC
19,Sat Nov 29 2014,Plymouth Argyle FC,1-1,York City FC
19,Sat Nov 29 2014,Tranmere Rovers FC,3-1,Portsmouth FC
19,Sat Nov 29 2014,Hartlepool United FC,1-3,Wycombe Wanderers FC
19,Sat Nov 29 2014,Cheltenham Town FC,1-1,Oxford United FC
19,Sat Nov 29 2014,Carlisle United FC,2-3,Newport County AFC
19,Sat Nov 29 2014,Bury FC,0-2,Dagenham & Redbridge FC
19,Sat Nov 29 2014,AFC Wimbledon,1-2,Cambridge United FC
34,Sat Dec 6 2014,Exeter City FC,1-1,Burton Albion FC
20,Sat Dec 13 2014,York City FC,2-3,AFC Wimbledon
20,Sat Dec 13 2014,Wycombe Wanderers FC,4-1,Southend United FC
20,Sat Dec 13 2014,Portsmouth FC,2-3,Accrington Stanley FC
20,Sat Dec 13 2014,Oxford United FC,2-1,Bury FC
20,Sat Dec 13 2014,Northampton Town FC,2-3,Plymouth Argyle FC
20,Sat Dec 13 2014,Burton Albion FC,4-0,Hartlepool United FC
20,Sat Dec 13 2014,Morecambe FC,3-0,Luton Town FC
20,Sat Dec 13 2014,Mansfield Town FC,1-1,Cheltenham Town FC
20,Sat Dec 13 2014,Exeter City FC,2-0,Carlisle United FC
20,Sat Dec 13 2014,Dagenham & Redbridge FC,0-1,Tranmere Rovers FC
20,Sat Dec 13 2014,Cambridge United FC,0-0,Shrewsbury Town FC
20,Sat Dec 13 2014,Newport County AFC,2-0,Stevenage FC
21,Fri Dec 19 2014,Tranmere Rovers FC,1-1,Cambridge United FC
21,Fri Dec 19 2014,Southend United FC,0-0,Burton Albion FC
21,Sat Dec 20 2014,Luton Town FC,3-0,Newport County AFC
21,Sat Dec 20 2014,Shrewsbury Town FC,1-0,Morecambe FC
21,Sat Dec 20 2014,Accrington Stanley FC,1-1,Wycombe Wanderers FC
21,Sat Dec 20 2014,Stevenage FC,1-0,Exeter City FC
21,Sat Dec 20 2014,Hartlepool United FC,1-1,Oxford United FC
21,Sat Dec 20 2014,Cheltenham Town FC,1-1,Portsmouth FC
21,Sat Dec 20 2014,Carlisle United FC,2-1,Northampton Town FC
21,Sat Dec 20 2014,Bury FC,2-2,York City FC
21,Sat Dec 20 2014,AFC Wimbledon,0-1,Mansfield Town FC
21,Sat Dec 20 2014,Plymouth Argyle FC,3-0,Dagenham & Redbridge FC
22,Fri Dec 26 2014,Portsmouth FC,0-2,AFC Wimbledon
22,Fri Dec 26 2014,Cambridge United FC,0-1,Southend United FC
22,Fri Dec 26 2014,Dagenham & Redbridge FC,0-2,Stevenage FC
22,Fri Dec 26 2014,York City FC,1-0,Accrington Stanley FC
22,Fri Dec 26 2014,Wycombe Wanderers FC,1-1,Luton Town FC
22,Fri Dec 26 2014,Oxford United FC,0-2,Shrewsbury Town FC
22,Fri Dec 26 2014,Northampton Town FC,2-3,Bury FC
22,Fri Dec 26 2014,Newport County AFC,2-0,Plymouth Argyle FC
22,Fri Dec 26 2014,Morecambe FC,0-1,Carlisle United FC
22,Fri Dec 26 2014,Mansfield Town FC,1-1,Hartlepool United FC
22,Fri Dec 26 2014,Exeter City FC,1-0,Cheltenham Town FC
22,Fri Dec 26 2014,Burton Albion FC,2-0,Tranmere Rovers FC
23,Sun Dec 28 2014,Tranmere Rovers FC,2-1,Northampton Town FC
23,Sun Dec 28 2014,Stevenage FC,3-2,Cambridge United FC
23,Sun Dec 28 2014,Southend United FC,0-0,Dagenham & Redbridge FC
23,Sun Dec 28 2014,Shrewsbury Town FC,0-0,Wycombe Wanderers FC
23,Sun Dec 28 2014,Plymouth Argyle FC,1-2,Oxford United FC
23,Sun Dec 28 2014,Luton Town FC,1-1,Portsmouth FC
23,Sun Dec 28 2014,Hartlepool United FC,0-2,Morecambe FC
23,Sun Dec 28 2014,Cheltenham Town FC,0-1,Newport County AFC
23,Sun Dec 28 2014,Carlisle United FC,0-3,York City FC
23,Sun Dec 28 2014,Bury FC,2-0,Mansfield Town FC
23,Sun Dec 28 2014,AFC Wimbledon,4-1,Exeter City FC
24,Sat Jan 3 2015,York City FC,0-0,Plymouth Argyle FC
24,Sat Jan 3 2015,Wycombe Wanderers FC,1-0,Hartlepool United FC
24,Sat Jan 3 2015,Oxford United FC,1-2,Cheltenham Town FC
24,Sat Jan 3 2015,Northampton Town FC,1-1,Southend United FC
24,Sat Jan 3 2015,Newport County AFC,2-1,Carlisle United FC
24,Sat Jan 3 2015,Morecambe FC,0-0,Stevenage FC
24,Sat Jan 3 2015,Exeter City FC,1-2,Accrington Stanley FC
24,Sat Jan 3 2015,Dagenham & Redbridge FC,1-0,Bury FC
24,Sat Jan 3 2015,Burton Albion FC,1-0,Shrewsbury Town FC
25,Thu Jan 8 2015,Luton Town FC,0-0,Shrewsbury Town FC
25,Sat Jan 10 2015,Wycombe Wanderers FC,1-0,York City FC
25,Sat Jan 10 2015,Stevenage FC,2-1,AFC Wimbledon
25,Sat Jan 10 2015,Southend United FC,0-0,Plymouth Argyle FC
25,Sat Jan 10 2015,Newport County AFC,1-0,Portsmouth FC
25,Sat Jan 10 2015,Morecambe FC,0-0,Tranmere Rovers FC
25,Sat Jan 10 2015,Burton Albion FC,2-1,Mansfield Town FC
25,Sat Jan 10 2015,Exeter City FC,0-2,Northampton Town FC
25,Sat Jan 10 2015,Dagenham & Redbridge FC,0-0,Oxford United FC
25,Sat Jan 10 2015,Carlisle United FC,0-1,Cambridge United FC
25,Sat Jan 10 2015,Hartlepool United FC,2-0,Cheltenham Town FC
26,Fri Jan 16 2015,Cheltenham Town FC,1-1,Morecambe FC
26,Sat Jan 17 2015,Plymouth Argyle FC,0-1,Luton Town FC
26,Sat Jan 17 2015,Tranmere Rovers FC,3-0,Accrington Stanley FC
26,Sat Jan 17 2015,Shrewsbury Town FC,3-0,Hartlepool United FC
26,Sat Jan 17 2015,Portsmouth FC,1-1,Burton Albion FC
26,Sat Jan 17 2015,AFC Wimbledon,1-3,Carlisle United FC
26,Sat Jan 17 2015,Oxford United FC,2-3,Southend United FC
26,Sat Jan 17 2015,Northampton Town FC,1-0,Dagenham & Redbridge FC
26,Sat Jan 17 2015,Mansfield Town FC,2-3,Exeter City FC
26,Sat Jan 17 2015,Cambridge United FC,4-0,Newport County AFC
26,Sat Jan 17 2015,Bury FC,1-1,Wycombe Wanderers FC
26,Sat Jan 17 2015,York City FC,0-2,Stevenage FC
27,Sat Jan 24 2015,York City FC,1-1,Burton Albion FC
27,Sat Jan 24 2015,Tranmere Rovers FC,1-1,Hartlepool United FC
27,Sat Jan 24 2015,Shrewsbury Town FC,3-2,Stevenage FC
27,Sat Jan 24 2015,Portsmouth FC,1-2,Southend United FC
27,Sat Jan 24 2015,Plymouth Argyle FC,1-1,Morecambe FC
27,Sat Jan 24 2015,Oxford United FC,2-2,Exeter City FC
27,Sat Jan 24 2015,Northampton Town FC,3-0,Newport County AFC
27,Sat Jan 24 2015,Mansfield Town FC,0-0,Wycombe Wanderers FC
27,Sat Jan 24 2015,AFC Wimbledon,2-1,Accrington Stanley FC
27,Sat Jan 24 2015,Bury FC,2-1,Carlisle United FC
27,Sat Jan 24 2015,Cheltenham Town FC,1-1,Luton Town FC
25,Tue Jan 27 2015,Accrington Stanley FC,0-1,Bury FC
27,Tue Jan 27 2015,Cambridge United FC,1-1,Dagenham & Redbridge FC
28,Sat Jan 31 2015,Morecambe FC,1-1,AFC Wimbledon
28,Sat Jan 31 2015,Stevenage FC,0-2,Oxford United FC
28,Sat Jan 31 2015,Southend United FC,1-0,York City FC
28,Sat Jan 31 2015,Newport County AFC,0-1,Shrewsbury Town FC
28,Sat Jan 31 2015,Wycombe Wanderers FC,0-0,Portsmouth FC
28,Sat Jan 31 2015,Luton Town FC,3-2,Cambridge United FC
28,Sat Jan 31 2015,Hartlepool United FC,3-2,Plymouth Argyle FC
28,Sat Jan 31 2015,Exeter City FC,1-2,Tranmere Rovers FC
28,Sat Jan 31 2015,Dagenham & Redbridge FC,3-1,Cheltenham Town FC
28,Sat Jan 31 2015,Carlisle United FC,2-1,Mansfield Town FC
28,Sat Jan 31 2015,Accrington Stanley FC,1-5,Northampton Town FC
28,Sat Jan 31 2015,Burton Albion FC,1-0,Bury FC
29,Sat Feb 7 2015,York City FC,0-2,Dagenham & Redbridge FC
29,Sat Feb 7 2015,Tranmere Rovers FC,0-2,Carlisle United FC
29,Sat Feb 7 2015,Shrewsbury Town FC,1-1,Southend United FC
29,Sat Feb 7 2015,Portsmouth FC,1-0,Hartlepool United FC
29,Sat Feb 7 2015,AFC Wimbledon,2-0,Newport County AFC
29,Sat Feb 7 2015,Oxford United FC,1-1,Luton Town FC
29,Sat Feb 7 2015,Northampton Town FC,2-1,Morecambe FC
29,Sat Feb 7 2015,Mansfield Town FC,1-0,Stevenage FC
29,Sat Feb 7 2015,Cheltenham Town FC,1-3,Burton Albion FC
29,Sat Feb 7 2015,Cambridge United FC,0-1,Wycombe Wanderers FC
29,Sat Feb 7 2015,Bury FC,1-1,Exeter City FC
29,Sat Feb 7 2015,Plymouth Argyle FC,1-0,Accrington Stanley FC
30,Tue Feb 10 2015,Wycombe Wanderers FC,0-2,Plymouth Argyle FC
30,Tue Feb 10 2015,Stevenage FC,0-0,Bury FC
30,Tue Feb 10 2015,Accrington Stanley FC,1-0,Oxford United FC
30,Tue Feb 10 2015,Newport County AFC,1-1,Tranmere Rovers FC
30,Tue Feb 10 2015,Morecambe FC,2-1,Mansfield Town FC
30,Tue Feb 10 2015,Luton Town FC,2-2,York City FC
30,Tue Feb 10 2015,Hartlepool United FC,1-0,Northampton Town FC
30,Tue Feb 10 2015,Exeter City FC,2-2,Cambridge United FC
30,Tue Feb 10 2015,Dagenham & Redbridge FC,0-0,Portsmouth FC
30,Tue Feb 10 2015,Carlisle United FC,1-2,Shrewsbury Town FC
30,Tue Feb 10 2015,Burton Albion FC,0-0,AFC Wimbledon
30,Tue Feb 10 2015,Southend United FC,2-0,Cheltenham Town FC
31,Sat Feb 14 2015,York City FC,2-0,Tranmere Rovers FC
31,Sat Feb 14 2015,Wycombe Wanderers FC,1-2,Newport County AFC
31,Sat Feb 14 2015,Southend United FC,1-2,Accrington Stanley FC
31,Sat Feb 14 2015,Shrewsbury Town FC,2-0,AFC Wimbledon
31,Sat Feb 14 2015,Portsmouth FC,1-0,Exeter City FC
31,Sat Feb 14 2015,Plymouth Argyle FC,2-0,Cambridge United FC
31,Sat Feb 14 2015,Burton Albion FC,2-0,Oxford United FC
31,Sat Feb 14 2015,Luton Town FC,1-0,Carlisle United FC
31,Sat Feb 14 2015,Hartlepool United FC,1-3,Stevenage FC
31,Sat Feb 14 2015,Cheltenham Town FC,1-2,Bury FC
31,Sat Feb 14 2015,Mansfield Town FC,1-1,Northampton Town FC
31,Sun Feb 15 2015,Morecambe FC,2-3,Dagenham & Redbridge FC
24,Tue Feb 17 2015,Mansfield Town FC,1-0,Luton Town FC
32,Fri Feb 20 2015,Accrington Stanley FC,1-1,Cheltenham Town FC
32,Sat Feb 21 2015,Northampton Town FC,3-0,York City FC
32,Sat Feb 21 2015,Tranmere Rovers FC,2-1,Shrewsbury Town FC
32,Sat Feb 21 2015,Stevenage FC,4-2,Southend United FC
32,Sat Feb 21 2015,Oxford United FC,3-0,Mansfield Town FC
32,Sat Feb 21 2015,Exeter City FC,1-3,Plymouth Argyle FC
32,Sat Feb 21 2015,AFC Wimbledon,3-2,Luton Town FC
32,Sat Feb 21 2015,Dagenham & Redbridge FC,1-3,Burton Albion FC
32,Sat Feb 21 2015,Carlisle United FC,2-3,Wycombe Wanderers FC
32,Sat Feb 21 2015,Cambridge United FC,2-6,Portsmouth FC
32,Sat Feb 21 2015,Bury FC,1-0,Hartlepool United FC
32,Sat Feb 21 2015,Newport County AFC,0-1,Morecambe FC
23,Tue Feb 24 2015,Accrington Stanley FC,1-0,Burton Albion FC
24,Tue Feb 24 2015,Cambridge United FC,0-0,AFC Wimbledon
24,Tue Feb 24 2015,Portsmouth FC,3-2,Tranmere Rovers FC
33,Sat Feb 28 2015,Portsmouth FC,0-0,Oxford United FC
33,Sat Feb 28 2015,Wycombe Wanderers FC,2-2,Stevenage FC
33,Sat Feb 28 2015,Southend United FC,2-0,Carlisle United FC
33,Sat Feb 28 2015,Burton Albion FC,0-1,Newport County AFC
33,Sat Feb 28 2015,York City FC,0-0,Exeter City FC
33,Sat Feb 28 2015,Plymouth Argyle FC,0-2,Bury FC
33,Sat Feb 28 2015,Morecambe FC,0-2,Cambridge United FC
33,Sat Feb 28 2015,Mansfield Town FC,2-1,Dagenham & Redbridge FC
33,Sat Feb 28 2015,Luton Town FC,2-0,Accrington Stanley FC
33,Sat Feb 28 2015,Hartlepool United FC,1-0,AFC Wimbledon
33,Sat Feb 28 2015,Cheltenham Town FC,2-0,Tranmere Rovers FC
33,Sat Feb 28 2015,Shrewsbury Town FC,1-2,Northampton Town FC
34,Tue Mar 3 2015,Tranmere Rovers FC,1-2,Wycombe Wanderers FC
34,Tue Mar 3 2015,Stevenage FC,1-0,Plymouth Argyle FC
34,Tue Mar 3 2015,Oxford United FC,1-1,Morecambe FC
34,Tue Mar 3 2015,Northampton Town FC,1-0,Portsmouth FC
34,Tue Mar 3 2015,Newport County AFC,0-1,Mansfield Town FC
34,Tue Mar 3 2015,Dagenham & Redbridge FC,2-0,Hartlepool United FC
34,Tue Mar 3 2015,Carlisle United FC,1-0,Cheltenham Town FC
34,Tue Mar 3 2015,Cambridge United FC,0-3,York City FC
34,Tue Mar 3 2015,Bury FC,1-0,Luton Town FC
34,Tue Mar 3 2015,AFC Wimbledon,0-0,Southend United FC
34,Tue Mar 3 2015,Accrington Stanley FC,1-2,Shrewsbury Town FC
35,Sat Mar 7 2015,Tranmere Rovers FC,2-3,Dagenham & Redbridge FC
35,Sat Mar 7 2015,Stevenage FC,2-1,Newport County AFC
35,Sat Mar 7 2015,Southend United FC,2-2,Wycombe Wanderers FC
35,Sat Mar 7 2015,Shrewsbury Town FC,1-1,Cambridge United FC
35,Sat Mar 7 2015,Plymouth Argyle FC,2-0,Northampton Town FC
35,Sat Mar 7 2015,Luton Town FC,2-3,Morecambe FC
35,Sat Mar 7 2015,Accrington Stanley FC,1-1,Portsmouth FC
35,Sat Mar 7 2015,Cheltenham Town FC,1-1,Mansfield Town FC
35,Sat Mar 7 2015,Carlisle United FC,1-3,Exeter City FC
35,Sat Mar 7 2015,Bury FC,0-1,Oxford United FC
35,Sat Mar 7 2015,AFC Wimbledon,2-1,York City FC
35,Sat Mar 7 2015,Hartlepool United FC,0-1,Burton Albion FC
36,Fri Mar 13 2015,Newport County AFC,1-1,Cheltenham Town FC
36,Sat Mar 14 2015,York City FC,0-0,Carlisle United FC
36,Sat Mar 14 2015,Wycombe Wanderers FC,1-0,Shrewsbury Town FC
36,Sat Mar 14 2015,Portsmouth FC,2-0,Luton Town FC
36,Sat Mar 14 2015,Oxford United FC,0-0,Plymouth Argyle FC
36,Sat Mar 14 2015,Northampton Town FC,1-0,Tranmere Rovers FC
36,Sat Mar 14 2015,Morecambe FC,0-1,Hartlepool United FC
36,Sat Mar 14 2015,Mansfield Town FC,0-1,Bury FC
36,Sat Mar 14 2015,Exeter City FC,3-2,AFC Wimbledon
36,Sat Mar 14 2015,Dagenham & Redbridge FC,1-3,Southend United FC
36,Sat Mar 14 2015,Cambridge United FC,1-1,Stevenage FC
36,Sat Mar 14 2015,Burton Albion FC,3-0,Accrington Stanley FC
37,Tue Mar 17 2015,York City FC,0-1,Bury FC
37,Tue Mar 17 2015,Wycombe Wanderers FC,2-2,Accrington Stanley FC
37,Tue Mar 17 2015,Portsmouth FC,2-2,Cheltenham Town FC
37,Tue Mar 17 2015,Oxford United FC,0-2,Hartlepool United FC
37,Tue Mar 17 2015,Northampton Town FC,0-2,Carlisle United FC
37,Tue Mar 17 2015,Cambridge United FC,1-2,Tranmere Rovers FC
37,Tue Mar 17 2015,Morecambe FC,1-4,Shrewsbury Town FC
37,Tue Mar 17 2015,Mansfield Town FC,2-1,AFC Wimbledon
37,Tue Mar 17 2015,Exeter City FC,0-0,Stevenage FC
37,Tue Mar 17 2015,Dagenham & Redbridge FC,2-0,Plymouth Argyle FC
37,Tue Mar 17 2015,Newport County AFC,1-0,Luton Town FC
37,Wed Mar 18 2015,Burton Albion FC,2-1,Southend United FC
38,Sat Mar 21 2015,Hartlepool United FC,1-0,Mansfield Town FC
38,Sat Mar 21 2015,Stevenage FC,0-1,Dagenham & Redbridge FC
38,Sat Mar 21 2015,Southend United FC,0-0,Cambridge United FC
38,Sat Mar 21 2015,Shrewsbury Town FC,2-0,Oxford United FC
38,Sat Mar 21 2015,Plymouth Argyle FC,0-0,Newport County AFC
38,Sat Mar 21 2015,Tranmere Rovers FC,1-4,Burton Albion FC
38,Sat Mar 21 2015,Cheltenham Town FC,1-2,Exeter City FC
38,Sat Mar 21 2015,Carlisle United FC,1-1,Morecambe FC
38,Sat Mar 21 2015,Bury FC,2-1,Northampton Town FC
38,Sat Mar 21 2015,AFC Wimbledon,1-0,Portsmouth FC
38,Sat Mar 21 2015,Accrington Stanley FC,2-2,York City FC
38,Tue Mar 24 2015,Luton Town FC,2-3,Wycombe Wanderers FC
39,Fri Mar 27 2015,Accrington Stanley FC,0-2,Newport County AFC
39,Sat Mar 28 2015,Tranmere Rovers FC,1-1,AFC Wimbledon
39,Sat Mar 28 2015,Portsmouth FC,0-2,Shrewsbury Town FC
39,Sat Mar 28 2015,Oxford United FC,2-1,Carlisle United FC
39,Sat Mar 28 2015,Northampton Town FC,2-1,Luton Town FC
39,Sat Mar 28 2015,Cheltenham Town FC,0-3,Plymouth Argyle FC
39,Sat Mar 28 2015,Hartlepool United FC,2-1,Cambridge United FC
39,Sat Mar 28 2015,Exeter City FC,1-1,Morecambe FC
39,Sat Mar 28 2015,Dagenham & Redbridge FC,0-1,Wycombe Wanderers FC
39,Sat Mar 28 2015,Mansfield Town FC,1-4,York City FC
39,Mon Mar 30 2015,Burton Albion FC,1-1,Stevenage FC
40,Fri Apr 3 2015,York City FC,1-0,Cheltenham Town FC
40,Fri Apr 3 2015,Wycombe Wanderers FC,2-3,Oxford United FC
40,Fri Apr 3 2015,Stevenage FC,2-2,Tranmere Rovers FC
40,Fri Apr 3 2015,Southend United FC,2-0,Mansfield Town FC
40,Fri Apr 3 2015,Shrewsbury Town FC,2-0,Dagenham & Redbridge FC
40,Fri Apr 3 2015,Plymouth Argyle FC,1-1,Burton Albion FC
40,Fri Apr 3 2015,AFC Wimbledon,2-2,Northampton Town FC
40,Fri Apr 3 2015,Morecambe FC,1-1,Accrington Stanley FC
40,Fri Apr 3 2015,Luton Town FC,2-3,Exeter City FC
40,Fri Apr 3 2015,Carlisle United FC,2-2,Portsmouth FC
40,Fri Apr 3 2015,Cambridge United FC,0-2,Bury FC
40,Fri Apr 3 2015,Newport County AFC,2-2,Hartlepool United FC
41,Mon Apr 6 2015,Mansfield Town FC,0-1,Shrewsbury Town FC
41,Mon Apr 6 2015,Exeter City FC,2-0,Newport County AFC
41,Mon Apr 6 2015,Tranmere Rovers FC,0-1,Luton Town FC
41,Mon Apr 6 2015,Portsmouth FC,2-1,Plymouth Argyle FC
41,Mon Apr 6 2015,Oxford United FC,0-0,York City FC
41,Mon Apr 6 2015,Northampton Town FC,0-1,Cambridge United FC
41,Mon Apr 6 2015,Hartlepool United FC,0-1,Southend United FC
41,Mon Apr 6 2015,Accrington Stanley FC,3-1,Carlisle United FC
41,Mon Apr 6 2015,Cheltenham Town FC,0-1,Stevenage FC
41,Mon Apr 6 2015,Bury FC,1-2,Morecambe FC
41,Mon Apr 6 2015,Burton Albion FC,1-0,Wycombe Wanderers FC
41,Mon Apr 6 2015,Dagenham & Redbridge FC,4-0,AFC Wimbledon
42,Sat Apr 11 2015,York City FC,1-0,Hartlepool United FC
42,Sat Apr 11 2015,Wycombe Wanderers FC,2-1,Cheltenham Town FC
42,Sat Apr 11 2015,Stevenage FC,2-1,Northampton Town FC
42,Sat Apr 11 2015,Southend United FC,1-0,Tranmere Rovers FC
42,Sat Apr 11 2015,Shrewsbury Town FC,4-0,Exeter City FC
42,Sat Apr 11 2015,Plymouth Argyle FC,2-1,Mansfield Town FC
42,Sat Apr 11 2015,Newport County AFC,0-2,Bury FC
42,Sat Apr 11 2015,Morecambe FC,3-1,Portsmouth FC
42,Sat Apr 11 2015,Luton Town FC,0-1,Burton Albion FC
42,Sat Apr 11 2015,Carlisle United FC,1-0,Dagenham & Redbridge FC
42,Sat Apr 11 2015,Cambridge United FC,2-2,Accrington Stanley FC
42,Sat Apr 11 2015,AFC Wimbledon,0-0,Oxford United FC
43,Tue Apr 14 2015,York City FC,2-1,Morecambe FC
43,Tue Apr 14 2015,Wycombe Wanderers FC,2-1,Exeter City FC
43,Tue Apr 14 2015,Stevenage FC,1-0,Portsmouth FC
43,Tue Apr 14 2015,Southend United FC,2-0,Newport County AFC
43,Tue Apr 14 2015,Plymouth Argyle FC,1-1,AFC Wimbledon
43,Tue Apr 14 2015,Bury FC,1-0,Shrewsbury Town FC
43,Tue Apr 14 2015,Mansfield Town FC,1-0,Tranmere Rovers FC
43,Tue Apr 14 2015,Hartlepool United FC,1-1,Accrington Stanley FC
43,Tue Apr 14 2015,Dagenham & Redbridge FC,0-0,Luton Town FC
43,Tue Apr 14 2015,Cheltenham Town FC,3-1,Cambridge United FC
43,Tue Apr 14 2015,Oxford United FC,1-1,Northampton Town FC
43,Wed Apr 15 2015,Burton Albion FC,1-1,Carlisle United FC
44,Sat Apr 18 2015,Morecambe FC,1-2,Burton Albion FC
44,Sat Apr 18 2015,Shrewsbury Town FC,1-0,York City FC
44,Sat Apr 18 2015,Portsmouth FC,0-1,Bury FC
44,Sat Apr 18 2015,Northampton Town FC,2-0,Cheltenham Town FC
44,Sat Apr 18 2015,Newport County AFC,2-3,Dagenham & Redbridge FC
44,Sat Apr 18 2015,Tranmere Rovers FC,0-3,Oxford United FC
44,Sat Apr 18 2015,Accrington Stanley FC,2-2,Stevenage FC
44,Sat Apr 18 2015,Exeter City FC,0-1,Southend United FC
44,Sat Apr 18 2015,Carlisle United FC,2-0,Plymouth Argyle FC
44,Sat Apr 18 2015,Cambridge United FC,3-1,Mansfield Town FC
44,Sat Apr 18 2015,AFC Wimbledon,0-0,Wycombe Wanderers FC
44,Sat Apr 18 2015,Luton Town FC,3-0,Hartlepool United FC
39,Tue Apr 21 2015,Bury FC,0-1,Southend United FC
45,Sat Apr 25 2015,York City FC,0-2,Newport County AFC
45,Sat Apr 25 2015,Wycombe Wanderers FC,0-1,Morecambe FC
45,Sat Apr 25 2015,Stevenage FC,1-0,Carlisle United FC
45,Sat Apr 25 2015,Southend United FC,1-0,Luton Town FC
45,Sat Apr 25 2015,Plymouth Argyle FC,3-2,Tranmere Rovers FC
45,Sat Apr 25 2015,Oxford United FC,2-0,Cambridge United FC
45,Sat Apr 25 2015,Mansfield Town FC,1-2,Portsmouth FC
45,Sat Apr 25 2015,Hartlepool United FC,2-1,Exeter City FC
45,Sat Apr 25 2015,Dagenham & Redbridge FC,4-0,Accrington Stanley FC
45,Sat Apr 25 2015,Cheltenham Town FC,0-1,Shrewsbury Town FC
45,Sat Apr 25 2015,Bury FC,2-0,AFC Wimbledon
45,Sat Apr 25 2015,Burton Albion FC,3-1,Northampton Town FC
46,Sat May 2 2015,Tranmere Rovers FC,0-1,Bury FC
46,Sat May 2 2015,Shrewsbury Town FC,0-2,Plymouth Argyle FC
46,Sat May 2 2015,Portsmouth FC,1-1,York City FC
46,Sat May 2 2015,Northampton Town FC,2-3,Wycombe Wanderers FC
46,Sat May 2 2015,Newport County AFC,0-1,Oxford United FC
46,Sat May 2 2015,Morecambe FC,3-1,Southend United FC
46,Sat May 2 2015,Luton Town FC,2-0,Stevenage FC
46,Sat May 2 2015,Exeter City FC,2-1,Dagenham & Redbridge FC
46,Sat May 2 2015,Carlisle United FC,3-3,Hartlepool United FC
46,Sat May 2 2015,Cambridge United FC,2-3,Burton Albion FC
46,Sat May 2 2015,AFC Wimbledon,1-1,Cheltenham Town FC
46,Sat May 2 2015,Accrington Stanley FC,2-1,Mansfield Town FC
