Round,Date,Team 1,FT,Team 2
1,Sat Aug 3 2019,AFC Wimbledon,1-2,Rotherham United FC
1,Sat Aug 3 2019,Blackpool FC,2-0,Bristol Rovers FC
1,Sat Aug 3 2019,Burton Albion FC,0-1,Ipswich Town FC
1,Sat Aug 3 2019,Coventry City FC,1-0,Southend United FC
1,Sat Aug 3 2019,Doncaster Rovers FC,1-1,Gillingham FC
1,Sat Aug 3 2019,Lincoln City FC,2-0,Accrington Stanley FC
1,Sat Aug 3 2019,Peterborough United FC,1-3,Fleetwood Town FC
1,Sat Aug 3 2019,Shrewsbury Town FC,1-0,Portsmouth FC
1,Sat Aug 3 2019,Sunderland AFC,1-1,Oxford United FC
1,Sat Aug 3 2019,Tranmere Rovers FC,2-3,Rochdale AFC
1,Sat Aug 3 2019,Wycombe Wanderers FC,2-0,Bolton Wanderers FC
2,Sat Aug 10 2019,Bolton Wanderers FC,0-0,Coventry City FC
2,Sat Aug 10 2019,Bristol Rovers FC,0-0,Wycombe Wanderers FC
2,Sat Aug 10 2019,Fleetwood Town FC,2-1,AFC Wimbledon
2,Sat Aug 10 2019,Gillingham FC,1-2,Burton Albion FC
2,Sat Aug 10 2019,Ipswich Town FC,1-1,Sunderland AFC
2,Sat Aug 10 2019,Southend United FC,1-3,Blackpool FC
2,Sat Aug 10 2019,Oxford United FC,1-0,Peterborough United FC
2,Sat Aug 10 2019,Portsmouth FC,2-0,Tranmere Rovers FC
2,Sat Aug 10 2019,Rochdale AFC,1-1,Doncaster Rovers FC
2,Sat Aug 10 2019,Rotherham United FC,0-2,Lincoln City FC
2,Sat Aug 10 2019,Milton Keynes Dons FC,1-0,Shrewsbury Town FC
3,Sat Aug 17 2019,Sunderland AFC,2-1,Portsmouth FC
3,Sat Aug 17 2019,AFC Wimbledon,1-1,Accrington Stanley FC
3,Sat Aug 17 2019,Blackpool FC,2-1,Oxford United FC
3,Sat Aug 17 2019,Burton Albion FC,0-1,Rotherham United FC
3,Sat Aug 17 2019,Coventry City FC,2-0,Bristol Rovers FC
3,Sat Aug 17 2019,Doncaster Rovers FC,3-2,Fleetwood Town FC
3,Sat Aug 17 2019,Lincoln City FC,4-0,Southend United FC
3,Sat Aug 17 2019,Peterborough United FC,2-2,Ipswich Town FC
3,Sat Aug 17 2019,Shrewsbury Town FC,0-0,Rochdale AFC
3,Sat Aug 17 2019,Wycombe Wanderers FC,3-2,Milton Keynes Dons FC
3,Sat Aug 17 2019,Tranmere Rovers FC,5-0,Bolton Wanderers FC
4,Tue Aug 20 2019,Accrington Stanley FC,2-3,Shrewsbury Town FC
4,Tue Aug 20 2019,Bristol Rovers FC,2-0,Tranmere Rovers FC
4,Tue Aug 20 2019,Southend United FC,0-2,Peterborough United FC
4,Tue Aug 20 2019,Gillingham FC,2-2,Blackpool FC
4,Tue Aug 20 2019,Ipswich Town FC,2-1,AFC Wimbledon
4,Tue Aug 20 2019,Milton Keynes Dons FC,2-1,Lincoln City FC
4,Tue Aug 20 2019,Oxford United FC,2-4,Burton Albion FC
4,Tue Aug 20 2019,Portsmouth FC,3-3,Coventry City FC
4,Tue Aug 20 2019,Rochdale AFC,1-2,Sunderland AFC
4,Tue Aug 20 2019,Fleetwood Town FC,1-1,Wycombe Wanderers FC
5,Sat Aug 24 2019,Wycombe Wanderers FC,4-3,Southend United FC
5,Sat Aug 24 2019,Doncaster Rovers FC,2-1,Lincoln City FC
5,Sat Aug 24 2019,Bolton Wanderers FC,0-5,Ipswich Town FC
5,Sat Aug 24 2019,Bristol Rovers FC,3-1,Oxford United FC
5,Sat Aug 24 2019,Coventry City FC,1-0,Gillingham FC
5,Sat Aug 24 2019,Sunderland AFC,3-1,AFC Wimbledon
5,Sat Aug 24 2019,Milton Keynes Dons FC,0-4,Peterborough United FC
5,Sat Aug 24 2019,Rochdale AFC,0-0,Blackpool FC
5,Sat Aug 24 2019,Shrewsbury Town FC,0-0,Burton Albion FC
5,Sat Aug 24 2019,Fleetwood Town FC,2-0,Accrington Stanley FC
6,Sat Aug 31 2019,Southend United FC,0-3,Rochdale AFC
6,Sat Aug 31 2019,Rotherham United FC,1-1,Tranmere Rovers FC
6,Sat Aug 31 2019,AFC Wimbledon,0-0,Wycombe Wanderers FC
6,Sat Aug 31 2019,Oxford United FC,3-3,Coventry City FC
6,Sat Aug 31 2019,Blackpool FC,1-1,Portsmouth FC
6,Sat Aug 31 2019,Burton Albion FC,2-0,Bristol Rovers FC
6,Sat Aug 31 2019,Gillingham FC,5-0,Bolton Wanderers FC
6,Sat Aug 31 2019,Ipswich Town FC,3-0,Shrewsbury Town FC
6,Sat Aug 31 2019,Lincoln City FC,2-0,Fleetwood Town FC
6,Sat Aug 31 2019,Peterborough United FC,3-0,Sunderland AFC
6,Sat Aug 31 2019,Accrington Stanley FC,2-1,Milton Keynes Dons FC
7,Sat Sep 7 2019,Milton Keynes Dons FC,2-1,AFC Wimbledon
7,Sat Sep 7 2019,Wycombe Wanderers FC,3-1,Lincoln City FC
7,Sat Sep 7 2019,Fleetwood Town FC,2-1,Oxford United FC
7,Sat Sep 7 2019,Doncaster Rovers FC,2-1,Rotherham United FC
7,Sat Sep 7 2019,Bristol Rovers FC,3-3,Accrington Stanley FC
7,Sat Sep 7 2019,Coventry City FC,3-2,Blackpool FC
7,Sat Sep 7 2019,Tranmere Rovers FC,2-2,Gillingham FC
8,Sat Sep 14 2019,Rotherham United FC,6-1,Bolton Wanderers FC
8,Sat Sep 14 2019,Southend United FC,3-3,Fleetwood Town FC
8,Sat Sep 14 2019,Accrington Stanley FC,1-3,Sunderland AFC
8,Sat Sep 14 2019,Peterborough United FC,6-0,Rochdale AFC
8,Sat Sep 14 2019,Oxford United FC,3-0,Tranmere Rovers FC
8,Sat Sep 14 2019,Lincoln City FC,0-1,Bristol Rovers FC
8,Sat Sep 14 2019,AFC Wimbledon,1-1,Shrewsbury Town FC
8,Sat Sep 14 2019,Ipswich Town FC,0-0,Doncaster Rovers FC
8,Sat Sep 14 2019,Blackpool FC,0-3,Milton Keynes Dons FC
8,Sat Sep 14 2019,Burton Albion FC,0-0,Coventry City FC
8,Sat Sep 14 2019,Gillingham FC,2-0,Wycombe Wanderers FC
9,Tue Sep 17 2019,Shrewsbury Town FC,4-3,Southend United FC
9,Tue Sep 17 2019,Rochdale AFC,1-1,Lincoln City FC
9,Tue Sep 17 2019,Sunderland AFC,1-1,Rotherham United FC
9,Tue Sep 17 2019,Tranmere Rovers FC,2-2,Peterborough United FC
9,Tue Sep 17 2019,Wycombe Wanderers FC,1-1,Accrington Stanley FC
9,Tue Sep 17 2019,Coventry City FC,2-1,AFC Wimbledon
9,Tue Sep 17 2019,Bristol Rovers FC,1-1,Gillingham FC
9,Tue Sep 17 2019,Portsmouth FC,2-2,Burton Albion FC
9,Tue Sep 17 2019,Doncaster Rovers FC,0-1,Blackpool FC
9,Tue Sep 17 2019,Milton Keynes Dons FC,0-1,Ipswich Town FC
9,Tue Sep 17 2019,Bolton Wanderers FC,0-0,Oxford United FC
10,Sat Sep 21 2019,Gillingham FC,0-1,Ipswich Town FC
10,Sat Sep 21 2019,Lincoln City FC,0-6,Oxford United FC
10,Sat Sep 21 2019,Wycombe Wanderers FC,1-0,Portsmouth FC
10,Sat Sep 21 2019,Tranmere Rovers FC,2-1,Burton Albion FC
10,Sat Sep 21 2019,Rotherham United FC,0-0,Shrewsbury Town FC
10,Sat Sep 21 2019,Milton Keynes Dons FC,0-1,Southend United FC
10,Sat Sep 21 2019,Fleetwood Town FC,2-1,Rochdale AFC
10,Sat Sep 21 2019,Accrington Stanley FC,1-1,Blackpool FC
10,Sat Sep 21 2019,AFC Wimbledon,1-3,Bristol Rovers FC
10,Sat Sep 21 2019,Doncaster Rovers FC,2-0,Peterborough United FC
10,Sat Sep 21 2019,Bolton Wanderers FC,1-1,Sunderland AFC
11,Fri Sep 27 2019,Blackpool FC,2-1,Lincoln City FC
11,Sat Sep 28 2019,Portsmouth FC,1-0,Bolton Wanderers FC
11,Sat Sep 28 2019,Sunderland AFC,2-1,Milton Keynes Dons FC
11,Sat Sep 28 2019,Southend United FC,0-1,Accrington Stanley FC
11,Sat Sep 28 2019,Shrewsbury Town FC,0-3,Fleetwood Town FC
11,Sat Sep 28 2019,Rochdale AFC,0-3,Wycombe Wanderers FC
11,Sat Sep 28 2019,Peterborough United FC,3-2,AFC Wimbledon
11,Sat Sep 28 2019,Bristol Rovers FC,1-0,Rotherham United FC
11,Sat Sep 28 2019,Coventry City FC,1-1,Doncaster Rovers FC
11,Sat Sep 28 2019,Ipswich Town FC,4-1,Tranmere Rovers FC
11,Sat Sep 28 2019,Oxford United FC,3-0,Gillingham FC
12,Sat Oct 5 2019,Tranmere Rovers FC,0-1,Shrewsbury Town FC
12,Sat Oct 5 2019,Gillingham FC,3-1,Southend United FC
12,Sat Oct 5 2019,Lincoln City FC,2-0,Sunderland AFC
12,Sat Oct 5 2019,Milton Keynes Dons FC,0-3,Burton Albion FC
12,Sat Oct 5 2019,Rotherham United FC,4-0,Coventry City FC
12,Sat Oct 5 2019,Wycombe Wanderers FC,3-3,Peterborough United FC
12,Sat Oct 5 2019,AFC Wimbledon,3-2,Rochdale AFC
12,Sat Oct 5 2019,Accrington Stanley FC,2-2,Oxford United FC
12,Sat Oct 5 2019,Doncaster Rovers FC,1-2,Portsmouth FC
12,Sat Oct 5 2019,Fleetwood Town FC,0-1,Ipswich Town FC
12,Mon Oct 7 2019,Bolton Wanderers FC,0-0,Blackpool FC
13,Sat Oct 12 2019,Peterborough United FC,2-0,Lincoln City FC
13,Sat Oct 12 2019,Portsmouth FC,0-0,Gillingham FC
13,Sat Oct 12 2019,Southend United FC,1-4,AFC Wimbledon
13,Sat Oct 12 2019,Rochdale AFC,2-1,Accrington Stanley FC
13,Sat Oct 12 2019,Blackpool FC,1-2,Rotherham United FC
13,Sat Oct 12 2019,Oxford United FC,3-0,Doncaster Rovers FC
13,Sat Oct 12 2019,Bristol Rovers FC,1-0,Milton Keynes Dons FC
13,Sun Oct 13 2019,Coventry City FC,0-1,Tranmere Rovers FC
14,Fri Oct 18 2019,Lincoln City FC,0-0,Shrewsbury Town FC
14,Fri Oct 18 2019,Tranmere Rovers FC,1-1,Southend United FC
14,Sat Oct 19 2019,Gillingham FC,1-2,Peterborough United FC
14,Sat Oct 19 2019,Fleetwood Town FC,4-1,Burton Albion FC
14,Sat Oct 19 2019,Doncaster Rovers FC,2-0,Bristol Rovers FC
14,Sat Oct 19 2019,Milton Keynes Dons FC,0-0,Coventry City FC
14,Sat Oct 19 2019,Bolton Wanderers FC,1-3,Rochdale AFC
14,Sat Oct 19 2019,Rotherham United FC,1-2,Oxford United FC
14,Sat Oct 19 2019,AFC Wimbledon,1-0,Portsmouth FC
14,Sat Oct 19 2019,Wycombe Wanderers FC,1-0,Sunderland AFC
14,Sun Oct 20 2019,Accrington Stanley FC,2-0,Ipswich Town FC
15,Tue Oct 22 2019,Shrewsbury Town FC,1-1,Gillingham FC
15,Tue Oct 22 2019,Blackpool FC,1-1,Wycombe Wanderers FC
15,Tue Oct 22 2019,Sunderland AFC,5-0,Tranmere Rovers FC
15,Tue Oct 22 2019,Southend United FC,1-7,Doncaster Rovers FC
15,Tue Oct 22 2019,Burton Albion FC,1-0,AFC Wimbledon
15,Tue Oct 22 2019,Rochdale AFC,2-0,Milton Keynes Dons FC
15,Tue Oct 22 2019,Portsmouth FC,1-0,Lincoln City FC
15,Tue Oct 22 2019,Bristol Rovers FC,0-2,Bolton Wanderers FC
15,Wed Oct 23 2019,Ipswich Town FC,0-2,Rotherham United FC
15,Wed Oct 23 2019,Peterborough United FC,4-0,Accrington Stanley FC
15,Wed Oct 23 2019,Coventry City FC,2-1,Fleetwood Town FC
16,Sat Oct 26 2019,Shrewsbury Town FC,1-0,Sunderland AFC
16,Sat Oct 26 2019,Southend United FC,1-3,Ipswich Town FC
16,Sat Oct 26 2019,Accrington Stanley FC,0-1,Gillingham FC
16,Sat Oct 26 2019,Rotherham United FC,0-1,Wycombe Wanderers FC
16,Sat Oct 26 2019,Peterborough United FC,2-2,Coventry City FC
16,Sat Oct 26 2019,Oxford United FC,3-0,Rochdale AFC
16,Sat Oct 26 2019,Fleetwood Town FC,1-0,Milton Keynes Dons FC
16,Sat Oct 26 2019,Burton Albion FC,0-0,Blackpool FC
16,Sat Oct 26 2019,Bristol Rovers FC,2-2,Portsmouth FC
17,Sat Nov 2 2019,Blackpool FC,4-3,Peterborough United FC
17,Sat Nov 2 2019,Milton Keynes Dons FC,1-3,Tranmere Rovers FC
17,Sat Nov 2 2019,Portsmouth FC,1-1,Oxford United FC
17,Sat Nov 2 2019,Sunderland AFC,1-0,Southend United FC
17,Sat Nov 2 2019,Wycombe Wanderers FC,1-0,Shrewsbury Town FC
17,Sat Nov 2 2019,Rochdale AFC,1-2,Bristol Rovers FC
17,Sat Nov 2 2019,Coventry City FC,0-0,Accrington Stanley FC
17,Sat Nov 2 2019,Doncaster Rovers FC,2-2,Burton Albion FC
17,Sat Nov 2 2019,AFC Wimbledon,1-1,Lincoln City FC
17,Sat Nov 2 2019,Bolton Wanderers FC,2-1,Fleetwood Town FC
17,Sat Nov 2 2019,Gillingham FC,0-3,Rotherham United FC
7,Tue Nov 5 2019,Shrewsbury Town FC,1-0,Peterborough United FC
7,Tue Nov 5 2019,Portsmouth FC,4-1,Southend United FC
7,Tue Nov 5 2019,Rochdale AFC,0-1,Ipswich Town FC
18,Sat Nov 16 2019,Coventry City FC,2-1,Rochdale AFC
18,Sat Nov 16 2019,Rotherham United FC,1-0,Accrington Stanley FC
18,Sat Nov 16 2019,Blackpool FC,2-0,AFC Wimbledon
18,Sat Nov 16 2019,Gillingham FC,1-0,Lincoln City FC
18,Sat Nov 16 2019,Bolton Wanderers FC,1-0,Milton Keynes Dons FC
18,Sun Nov 17 2019,Tranmere Rovers FC,0-2,Wycombe Wanderers FC
19,Sat Nov 23 2019,Ipswich Town FC,2-2,Blackpool FC
19,Sat Nov 23 2019,Wycombe Wanderers FC,1-0,Doncaster Rovers FC
19,Sat Nov 23 2019,Southend United FC,0-4,Oxford United FC
19,Sat Nov 23 2019,Sunderland AFC,1-1,Coventry City FC
19,Sat Nov 23 2019,Milton Keynes Dons FC,2-3,Rotherham United FC
19,Sat Nov 23 2019,Shrewsbury Town FC,3-4,Bristol Rovers FC
19,Sat Nov 23 2019,Rochdale AFC,0-3,Portsmouth FC
19,Sat Nov 23 2019,Peterborough United FC,1-0,Burton Albion FC
19,Sat Nov 23 2019,AFC Wimbledon,1-0,Gillingham FC
19,Sat Nov 23 2019,Accrington Stanley FC,7-1,Bolton Wanderers FC
19,Sat Nov 23 2019,Fleetwood Town FC,2-1,Tranmere Rovers FC
5,Tue Nov 26 2019,Portsmouth FC,3-2,Rotherham United FC
7,Tue Nov 26 2019,Sunderland AFC,1-2,Burton Albion FC
13,Tue Nov 26 2019,Ipswich Town FC,0-0,Wycombe Wanderers FC
18,Tue Dec 3 2019,Burton Albion FC,1-1,Southend United FC
20,Sat Dec 7 2019,Gillingham FC,1-0,Sunderland AFC
20,Sat Dec 7 2019,Portsmouth FC,2-2,Peterborough United FC
20,Sat Dec 7 2019,Oxford United FC,0-0,Shrewsbury Town FC
20,Sat Dec 7 2019,Doncaster Rovers FC,1-1,Milton Keynes Dons FC
20,Sat Dec 7 2019,Blackpool FC,3-1,Fleetwood Town FC
20,Sat Dec 7 2019,Coventry City FC,1-1,Ipswich Town FC
20,Sat Dec 7 2019,Rotherham United FC,0-1,Rochdale AFC
20,Sat Dec 7 2019,Burton Albion FC,0-2,Lincoln City FC
20,Sat Dec 7 2019,Bolton Wanderers FC,2-2,AFC Wimbledon
20,Sat Dec 7 2019,Bristol Rovers FC,4-2,Southend United FC
20,Sat Dec 7 2019,Tranmere Rovers FC,1-1,Accrington Stanley FC
21,Sat Dec 14 2019,Milton Keynes Dons FC,1-0,Oxford United FC
21,Sat Dec 14 2019,Fleetwood Town FC,1-1,Gillingham FC
21,Sat Dec 14 2019,Ipswich Town FC,1-2,Bristol Rovers FC
21,Sat Dec 14 2019,AFC Wimbledon,2-1,Doncaster Rovers FC
21,Sat Dec 14 2019,Peterborough United FC,1-0,Bolton Wanderers FC
21,Sat Dec 14 2019,Shrewsbury Town FC,2-1,Coventry City FC
21,Sat Dec 14 2019,Southend United FC,2-2,Rotherham United FC
21,Sat Dec 14 2019,Sunderland AFC,1-1,Blackpool FC
21,Sat Dec 14 2019,Wycombe Wanderers FC,2-0,Burton Albion FC
21,Sat Dec 14 2019,Accrington Stanley FC,4-1,Portsmouth FC
21,Sat Dec 14 2019,Lincoln City FC,1-0,Tranmere Rovers FC
22,Sat Dec 21 2019,Bolton Wanderers FC,3-2,Southend United FC
22,Sat Dec 21 2019,Tranmere Rovers FC,1-0,AFC Wimbledon
22,Sat Dec 21 2019,Rotherham United FC,2-2,Fleetwood Town FC
22,Sat Dec 21 2019,Blackpool FC,0-1,Shrewsbury Town FC
22,Sat Dec 21 2019,Oxford United FC,1-0,Wycombe Wanderers FC
22,Sat Dec 21 2019,Doncaster Rovers FC,1-1,Accrington Stanley FC
22,Sat Dec 21 2019,Coventry City FC,1-0,Lincoln City FC
22,Sat Dec 21 2019,Burton Albion FC,3-1,Rochdale AFC
22,Sat Dec 21 2019,Bristol Rovers FC,0-0,Peterborough United FC
22,Sat Dec 21 2019,Gillingham FC,3-1,Milton Keynes Dons FC
22,Sat Dec 21 2019,Portsmouth FC,1-0,Ipswich Town FC
23,Thu Dec 26 2019,Ipswich Town FC,0-0,Gillingham FC
23,Thu Dec 26 2019,Sunderland AFC,0-0,Bolton Wanderers FC
23,Thu Dec 26 2019,Southend United FC,2-2,Milton Keynes Dons FC
23,Thu Dec 26 2019,Shrewsbury Town FC,1-2,Rotherham United FC
23,Thu Dec 26 2019,Rochdale AFC,2-3,Fleetwood Town FC
23,Thu Dec 26 2019,Portsmouth FC,2-0,Wycombe Wanderers FC
23,Thu Dec 26 2019,Burton Albion FC,4-2,Tranmere Rovers FC
23,Thu Dec 26 2019,Peterborough United FC,0-3,Doncaster Rovers FC
23,Thu Dec 26 2019,Oxford United FC,1-0,Lincoln City FC
23,Thu Dec 26 2019,Blackpool FC,0-1,Accrington Stanley FC
23,Thu Dec 26 2019,Bristol Rovers FC,1-2,AFC Wimbledon
24,Sun Dec 29 2019,Accrington Stanley FC,2-0,Burton Albion FC
24,Sun Dec 29 2019,Wycombe Wanderers FC,1-4,Coventry City FC
24,Sun Dec 29 2019,Tranmere Rovers FC,1-1,Blackpool FC
24,Sun Dec 29 2019,Rotherham United FC,4-0,Peterborough United FC
24,Sun Dec 29 2019,Milton Keynes Dons FC,3-1,Portsmouth FC
24,Sun Dec 29 2019,Lincoln City FC,5-3,Ipswich Town FC
24,Sun Dec 29 2019,Bolton Wanderers FC,1-1,Shrewsbury Town FC
24,Sun Dec 29 2019,Fleetwood Town FC,0-0,Bristol Rovers FC
24,Sun Dec 29 2019,Doncaster Rovers FC,1-2,Sunderland AFC
24,Sun Dec 29 2019,Gillingham FC,1-0,Rochdale AFC
24,Sun Dec 29 2019,AFC Wimbledon,1-2,Oxford United FC
25,Wed Jan 1 2020,Tranmere Rovers FC,1-4,Coventry City FC
25,Wed Jan 1 2020,Doncaster Rovers FC,1-0,Oxford United FC
25,Wed Jan 1 2020,Wycombe Wanderers FC,1-1,Ipswich Town FC
25,Wed Jan 1 2020,Bolton Wanderers FC,3-4,Burton Albion FC
25,Wed Jan 1 2020,Rotherham United FC,2-1,Blackpool FC
25,Wed Jan 1 2020,Milton Keynes Dons FC,3-0,Bristol Rovers FC
25,Wed Jan 1 2020,Accrington Stanley FC,1-2,Rochdale AFC
25,Wed Jan 1 2020,Gillingham FC,1-1,Portsmouth FC
25,Wed Jan 1 2020,Fleetwood Town FC,1-1,Sunderland AFC
25,Wed Jan 1 2020,AFC Wimbledon,1-1,Southend United FC
25,Wed Jan 1 2020,Lincoln City FC,2-1,Peterborough United FC
26,Sat Jan 4 2020,Sunderland AFC,3-1,Lincoln City FC
18,Tue Jan 7 2020,Doncaster Rovers FC,2-0,Shrewsbury Town FC
27,Sat Jan 11 2020,Ipswich Town FC,4-1,Accrington Stanley FC
27,Sat Jan 11 2020,Southend United FC,0-0,Tranmere Rovers FC
27,Sat Jan 11 2020,Sunderland AFC,4-0,Wycombe Wanderers FC
27,Sat Jan 11 2020,Oxford United FC,1-3,Rotherham United FC
27,Sat Jan 11 2020,Coventry City FC,1-1,Milton Keynes Dons FC
27,Sat Jan 11 2020,Peterborough United FC,0-0,Gillingham FC
27,Sat Jan 11 2020,Burton Albion FC,1-0,Fleetwood Town FC
27,Sat Jan 11 2020,Bristol Rovers FC,0-2,Doncaster Rovers FC
27,Sat Jan 11 2020,Rochdale AFC,2-0,Bolton Wanderers FC
27,Sat Jan 11 2020,Portsmouth FC,2-1,AFC Wimbledon
27,Sat Jan 11 2020,Shrewsbury Town FC,1-1,Lincoln City FC
16,Tue Jan 14 2020,Lincoln City FC,5-1,Bolton Wanderers FC
18,Tue Jan 14 2020,Oxford United FC,0-0,Ipswich Town FC
26,Tue Jan 14 2020,Burton Albion FC,1-0,Milton Keynes Dons FC
28,Sat Jan 18 2020,Milton Keynes Dons FC,0-1,Sunderland AFC
28,Sat Jan 18 2020,Lincoln City FC,1-0,Blackpool FC
28,Sat Jan 18 2020,Gillingham FC,1-1,Oxford United FC
28,Sat Jan 18 2020,Fleetwood Town FC,2-2,Shrewsbury Town FC
28,Sat Jan 18 2020,Accrington Stanley FC,1-2,Southend United FC
28,Sat Jan 18 2020,Rotherham United FC,3-0,Bristol Rovers FC
28,Sat Jan 18 2020,Bolton Wanderers FC,0-1,Portsmouth FC
28,Sat Jan 18 2020,AFC Wimbledon,1-0,Peterborough United FC
28,Sat Jan 18 2020,Wycombe Wanderers FC,2-1,Rochdale AFC
28,Sat Jan 18 2020,Tranmere Rovers FC,1-2,Ipswich Town FC
28,Sat Jan 18 2020,Doncaster Rovers FC,0-1,Coventry City FC
26,Tue Jan 21 2020,Peterborough United FC,4-0,Wycombe Wanderers FC
29,Fri Jan 24 2020,Sunderland AFC,0-0,Doncaster Rovers FC
29,Sat Jan 25 2020,Bristol Rovers FC,0-0,Fleetwood Town FC
29,Sat Jan 25 2020,Burton Albion FC,1-1,Accrington Stanley FC
29,Sat Jan 25 2020,Peterborough United FC,2-1,Rotherham United FC
29,Sat Jan 25 2020,Rochdale AFC,2-2,Gillingham FC
29,Sat Jan 25 2020,Ipswich Town FC,1-0,Lincoln City FC
30,Tue Jan 28 2020,Rotherham United FC,1-0,Ipswich Town FC
30,Tue Jan 28 2020,Accrington Stanley FC,0-2,Peterborough United FC
30,Tue Jan 28 2020,Wycombe Wanderers FC,2-1,Blackpool FC
30,Tue Jan 28 2020,AFC Wimbledon,2-2,Burton Albion FC
30,Tue Jan 28 2020,Doncaster Rovers FC,3-1,Southend United FC
30,Tue Jan 28 2020,Bolton Wanderers FC,1-1,Bristol Rovers FC
30,Tue Jan 28 2020,Lincoln City FC,0-2,Portsmouth FC
30,Tue Jan 28 2020,Fleetwood Town FC,0-0,Coventry City FC
30,Tue Jan 28 2020,Milton Keynes Dons FC,2-1,Rochdale AFC
30,Wed Jan 29 2020,Tranmere Rovers FC,0-1,Sunderland AFC
30,Wed Jan 29 2020,Gillingham FC,2-0,Shrewsbury Town FC
31,Sat Feb 1 2020,Milton Keynes Dons FC,2-0,Wycombe Wanderers FC
31,Sat Feb 1 2020,Rotherham United FC,3-2,Burton Albion FC
31,Sat Feb 1 2020,Southend United FC,2-1,Lincoln City FC
31,Sat Feb 1 2020,Oxford United FC,2-1,Blackpool FC
31,Sat Feb 1 2020,Portsmouth FC,2-0,Sunderland AFC
31,Sat Feb 1 2020,Ipswich Town FC,1-4,Peterborough United FC
31,Sat Feb 1 2020,Fleetwood Town FC,2-1,Doncaster Rovers FC
31,Sat Feb 1 2020,Bolton Wanderers FC,2-0,Tranmere Rovers FC
31,Sat Feb 1 2020,Accrington Stanley FC,2-1,AFC Wimbledon
31,Sat Feb 1 2020,Rochdale AFC,1-0,Shrewsbury Town FC
31,Sat Feb 1 2020,Bristol Rovers FC,1-2,Coventry City FC
16,Tue Feb 4 2020,Tranmere Rovers FC,0-3,Doncaster Rovers FC
32,Fri Feb 7 2020,Lincoln City FC,0-1,Rotherham United FC
32,Sat Feb 8 2020,Peterborough United FC,4-0,Oxford United FC
32,Sat Feb 8 2020,Sunderland AFC,1-0,Ipswich Town FC
32,Sat Feb 8 2020,Shrewsbury Town FC,1-1,Milton Keynes Dons FC
32,Sat Feb 8 2020,Tranmere Rovers FC,0-2,Portsmouth FC
32,Sat Feb 8 2020,Wycombe Wanderers FC,3-1,Bristol Rovers FC
32,Sat Feb 8 2020,Coventry City FC,2-1,Bolton Wanderers FC
32,Sat Feb 8 2020,Burton Albion FC,0-0,Gillingham FC
32,Sat Feb 8 2020,Blackpool FC,2-1,Southend United FC
32,Sat Feb 8 2020,AFC Wimbledon,1-2,Fleetwood Town FC
32,Sat Feb 8 2020,Doncaster Rovers FC,1-1,Rochdale AFC
33,Tue Feb 11 2020,Peterborough United FC,4-0,Southend United FC
33,Tue Feb 11 2020,Doncaster Rovers FC,2-1,Bolton Wanderers FC
33,Tue Feb 11 2020,Coventry City FC,1-0,Portsmouth FC
33,Tue Feb 11 2020,Burton Albion FC,2-2,Oxford United FC
33,Tue Feb 11 2020,Wycombe Wanderers FC,0-1,Fleetwood Town FC
33,Tue Feb 11 2020,AFC Wimbledon,0-0,Ipswich Town FC
33,Tue Feb 11 2020,Shrewsbury Town FC,0-2,Accrington Stanley FC
33,Tue Feb 11 2020,Sunderland AFC,3-0,Rochdale AFC
33,Tue Feb 11 2020,Lincoln City FC,1-1,Milton Keynes Dons FC
33,Tue Feb 11 2020,Tranmere Rovers FC,0-0,Bristol Rovers FC
33,Tue Feb 11 2020,Blackpool FC,2-3,Gillingham FC
34,Sat Feb 15 2020,Accrington Stanley FC,4-3,Lincoln City FC
34,Sat Feb 15 2020,Bolton Wanderers FC,0-2,Wycombe Wanderers FC
34,Sat Feb 15 2020,Oxford United FC,0-1,Sunderland AFC
34,Sat Feb 15 2020,Bristol Rovers FC,2-1,Blackpool FC
34,Sat Feb 15 2020,Fleetwood Town FC,2-1,Peterborough United FC
34,Sat Feb 15 2020,Gillingham FC,2-1,Doncaster Rovers FC
34,Sat Feb 15 2020,Portsmouth FC,2-0,Shrewsbury Town FC
34,Sat Feb 15 2020,Southend United FC,0-2,Coventry City FC
34,Sat Feb 15 2020,Rotherham United FC,2-2,AFC Wimbledon
34,Sat Feb 15 2020,Ipswich Town FC,4-1,Burton Albion FC
26,Tue Feb 18 2020,Southend United FC,0-1,Gillingham FC
29,Tue Feb 18 2020,Oxford United FC,5-0,AFC Wimbledon
35,Sat Feb 22 2020,Shrewsbury Town FC,1-0,Doncaster Rovers FC
35,Sat Feb 22 2020,Ipswich Town FC,0-1,Oxford United FC
35,Sat Feb 22 2020,Sunderland AFC,3-0,Bristol Rovers FC
35,Sat Feb 22 2020,Southend United FC,2-3,Burton Albion FC
35,Sat Feb 22 2020,Rochdale AFC,1-2,Coventry City FC
35,Sat Feb 22 2020,Milton Keynes Dons FC,1-0,Bolton Wanderers FC
35,Sat Feb 22 2020,Wycombe Wanderers FC,3-1,Tranmere Rovers FC
35,Sat Feb 22 2020,Fleetwood Town FC,1-0,Portsmouth FC
35,Sat Feb 22 2020,Accrington Stanley FC,1-2,Rotherham United FC
35,Sat Feb 22 2020,AFC Wimbledon,0-0,Blackpool FC
35,Sat Feb 22 2020,Lincoln City FC,0-0,Gillingham FC
13,Tue Feb 25 2020,Sunderland AFC,1-1,Fleetwood Town FC
26,Tue Feb 25 2020,Oxford United FC,3-0,Accrington Stanley FC
26,Tue Feb 25 2020,Shrewsbury Town FC,2-3,Tranmere Rovers FC
26,Tue Feb 25 2020,Coventry City FC,1-1,Rotherham United FC
26,Tue Feb 25 2020,Blackpool FC,2-1,Bolton Wanderers FC
29,Tue Feb 25 2020,Portsmouth FC,3-1,Milton Keynes Dons FC
36,Fri Feb 28 2020,Portsmouth FC,3-0,Rochdale AFC
36,Sat Feb 29 2020,Blackpool FC,2-1,Ipswich Town FC
36,Sat Feb 29 2020,Rotherham United FC,1-1,Milton Keynes Dons FC
36,Sat Feb 29 2020,Gillingham FC,1-2,AFC Wimbledon
36,Sat Feb 29 2020,Bristol Rovers FC,0-1,Shrewsbury Town FC
36,Sat Feb 29 2020,Oxford United FC,2-1,Southend United FC
36,Sat Feb 29 2020,Burton Albion FC,1-1,Peterborough United FC
36,Sat Feb 29 2020,Doncaster Rovers FC,3-1,Wycombe Wanderers FC
36,Sat Feb 29 2020,Bolton Wanderers FC,0-0,Accrington Stanley FC
36,Sun Mar 1 2020,Coventry City FC,1-0,Sunderland AFC
26,Tue Mar 3 2020,Ipswich Town FC,0-1,Fleetwood Town FC
37,Sat Mar 7 2020,Southend United FC,3-1,Bristol Rovers FC
37,Sat Mar 7 2020,Accrington Stanley FC,1-2,Tranmere Rovers FC
37,Sat Mar 7 2020,Fleetwood Town FC,0-0,Blackpool FC
37,Sat Mar 7 2020,Sunderland AFC,2-2,Gillingham FC
37,Sat Mar 7 2020,Ipswich Town FC,0-1,Coventry City FC
37,Sat Mar 7 2020,AFC Wimbledon,0-0,Bolton Wanderers FC
37,Sat Mar 7 2020,Rochdale AFC,3-1,Rotherham United FC
37,Sat Mar 7 2020,Peterborough United FC,2-0,Portsmouth FC
37,Sat Mar 7 2020,Milton Keynes Dons FC,0-1,Doncaster Rovers FC
37,Sat Mar 7 2020,Lincoln City FC,3-2,Burton Albion FC
37,Sat Mar 7 2020,Shrewsbury Town FC,2-3,Oxford United FC
13,Tue Mar 10 2020,Burton Albion FC,2-2,Bolton Wanderers FC
18,Tue Mar 10 2020,Bristol Rovers FC,2-0,Sunderland AFC
18,Tue Mar 10 2020,Portsmouth FC,2-2,Fleetwood Town FC
29,Tue Mar 10 2020,Blackpool FC,1-2,Tranmere Rovers FC
38,Sat Mar 14 2020,Gillingham FC,,Fleetwood Town FC
38,Sat Mar 14 2020,Tranmere Rovers FC,,Lincoln City FC
38,Sat Mar 14 2020,Oxford United FC,,Milton Keynes Dons FC
38,Sat Mar 14 2020,Blackpool FC,,Sunderland AFC
38,Sat Mar 14 2020,Rotherham United FC,,Southend United FC
38,Sat Mar 14 2020,Portsmouth FC,,Accrington Stanley FC
38,Sat Mar 14 2020,Coventry City FC,,Shrewsbury Town FC
38,Sat Mar 14 2020,Burton Albion FC,,Wycombe Wanderers FC
38,Sat Mar 14 2020,Bolton Wanderers FC,,Peterborough United FC
38,Sat Mar 14 2020,Bristol Rovers FC,,Ipswich Town FC
38,Sat Mar 14 2020,Doncaster Rovers FC,,AFC Wimbledon
26,Tue Mar 17 2020,Portsmouth FC,,Doncaster Rovers FC
34,Tue Mar 17 2020,Rochdale AFC,,Tranmere Rovers FC
39,Sat Mar 21 2020,Shrewsbury Town FC,,Blackpool FC
39,Sat Mar 21 2020,Rochdale AFC,,Burton Albion FC
39,Sat Mar 21 2020,Milton Keynes Dons FC,,Gillingham FC
39,Sat Mar 21 2020,Southend United FC,,Bolton Wanderers FC
39,Sat Mar 21 2020,Lincoln City FC,,Coventry City FC
39,Sat Mar 21 2020,AFC Wimbledon,,Tranmere Rovers FC
39,Sat Mar 21 2020,Accrington Stanley FC,,Doncaster Rovers FC
39,Sat Mar 21 2020,Fleetwood Town FC,,Rotherham United FC
39,Sat Mar 21 2020,Ipswich Town FC,,Portsmouth FC
39,Sat Mar 21 2020,Peterborough United FC,,Bristol Rovers FC
39,Sat Mar 21 2020,Wycombe Wanderers FC,,Oxford United FC
4,Tue Mar 24 2020,Bolton Wanderers FC,,Doncaster Rovers FC
26,Tue Mar 24 2020,Rochdale AFC,,AFC Wimbledon
29,Tue Mar 24 2020,Coventry City FC,,Wycombe Wanderers FC
40,Sat Mar 28 2020,Accrington Stanley FC,,Coventry City FC
40,Sat Mar 28 2020,Tranmere Rovers FC,,Milton Keynes Dons FC
40,Sat Mar 28 2020,Bristol Rovers FC,,Rochdale AFC
40,Sat Mar 28 2020,Southend United FC,,Sunderland AFC
40,Sat Mar 28 2020,Burton Albion FC,,Doncaster Rovers FC
40,Sat Mar 28 2020,Fleetwood Town FC,,Bolton Wanderers FC
40,Sat Mar 28 2020,Lincoln City FC,,AFC Wimbledon
40,Sat Mar 28 2020,Oxford United FC,,Portsmouth FC
40,Sat Mar 28 2020,Shrewsbury Town FC,,Wycombe Wanderers FC
40,Sun Mar 29 2020,Rotherham United FC,,Gillingham FC
40,Sun Mar 29 2020,Peterborough United FC,,Blackpool FC
41,Sat Apr 4 2020,Bolton Wanderers FC,,Lincoln City FC
41,Sat Apr 4 2020,Sunderland AFC,,Shrewsbury Town FC
41,Sat Apr 4 2020,Blackpool FC,,Burton Albion FC
41,Sat Apr 4 2020,Coventry City FC,,Peterborough United FC
41,Sat Apr 4 2020,Wycombe Wanderers FC,,Rotherham United FC
41,Sat Apr 4 2020,Doncaster Rovers FC,,Tranmere Rovers FC
41,Sat Apr 4 2020,Rochdale AFC,,Oxford United FC
41,Sat Apr 4 2020,Ipswich Town FC,,Southend United FC
41,Sat Apr 4 2020,Milton Keynes Dons FC,,Fleetwood Town FC
41,Sat Apr 4 2020,Gillingham FC,,Accrington Stanley FC
42,Fri Apr 10 2020,AFC Wimbledon,,Sunderland AFC
42,Fri Apr 10 2020,Peterborough United FC,,Milton Keynes Dons FC
42,Fri Apr 10 2020,Southend United FC,,Wycombe Wanderers FC
42,Fri Apr 10 2020,Rotherham United FC,,Portsmouth FC
42,Fri Apr 10 2020,Accrington Stanley FC,,Fleetwood Town FC
42,Fri Apr 10 2020,Blackpool FC,,Rochdale AFC
42,Fri Apr 10 2020,Burton Albion FC,,Shrewsbury Town FC
42,Fri Apr 10 2020,Gillingham FC,,Coventry City FC
42,Fri Apr 10 2020,Ipswich Town FC,,Bolton Wanderers FC
42,Fri Apr 10 2020,Lincoln City FC,,Doncaster Rovers FC
42,Fri Apr 10 2020,Oxford United FC,,Bristol Rovers FC
43,Mon Apr 13 2020,Milton Keynes Dons FC,,Accrington Stanley FC
43,Mon Apr 13 2020,Wycombe Wanderers FC,,AFC Wimbledon
43,Mon Apr 13 2020,Sunderland AFC,,Peterborough United FC
43,Mon Apr 13 2020,Bristol Rovers FC,,Burton Albion FC
43,Mon Apr 13 2020,Coventry City FC,,Oxford United FC
43,Mon Apr 13 2020,Tranmere Rovers FC,,Rotherham United FC
43,Mon Apr 13 2020,Shrewsbury Town FC,,Ipswich Town FC
43,Mon Apr 13 2020,Portsmouth FC,,Blackpool FC
43,Mon Apr 13 2020,Rochdale AFC,,Southend United FC
43,Mon Apr 13 2020,Fleetwood Town FC,,Lincoln City FC
43,Tue Apr 14 2020,Bolton Wanderers FC,,Gillingham FC
44,Sat Apr 18 2020,Accrington Stanley FC,,Bristol Rovers FC
44,Sat Apr 18 2020,Peterborough United FC,,Shrewsbury Town FC
44,Sat Apr 18 2020,Rotherham United FC,,Doncaster Rovers FC
44,Sat Apr 18 2020,AFC Wimbledon,,Milton Keynes Dons FC
44,Sat Apr 18 2020,Southend United FC,,Portsmouth FC
44,Sat Apr 18 2020,Blackpool FC,,Coventry City FC
44,Sat Apr 18 2020,Burton Albion FC,,Sunderland AFC
44,Sat Apr 18 2020,Oxford United FC,,Fleetwood Town FC
44,Sat Apr 18 2020,Ipswich Town FC,,Rochdale AFC
44,Sat Apr 18 2020,Lincoln City FC,,Wycombe Wanderers FC
44,Sat Apr 18 2020,Gillingham FC,,Tranmere Rovers FC
29,Tue Apr 21 2020,Shrewsbury Town FC,,Bolton Wanderers FC
36,Tue Apr 21 2020,Tranmere Rovers FC,,Fleetwood Town FC
41,Tue Apr 21 2020,Portsmouth FC,,Bristol Rovers FC
45,Sat Apr 25 2020,Doncaster Rovers FC,,Ipswich Town FC
45,Sat Apr 25 2020,Bristol Rovers FC,,Lincoln City FC
45,Sat Apr 25 2020,Coventry City FC,,Burton Albion FC
45,Sat Apr 25 2020,Fleetwood Town FC,,Southend United FC
45,Sat Apr 25 2020,Bolton Wanderers FC,,Rotherham United FC
45,Sat Apr 25 2020,Milton Keynes Dons FC,,Blackpool FC
45,Sat Apr 25 2020,Rochdale AFC,,Peterborough United FC
45,Sat Apr 25 2020,Shrewsbury Town FC,,AFC Wimbledon
45,Sat Apr 25 2020,Sunderland AFC,,Accrington Stanley FC
45,Sat Apr 25 2020,Wycombe Wanderers FC,,Gillingham FC
45,Sat Apr 25 2020,Tranmere Rovers FC,,Oxford United FC
46,Sun May 3 2020,AFC Wimbledon,,Coventry City FC
46,Sun May 3 2020,Accrington Stanley FC,,Wycombe Wanderers FC
46,Sun May 3 2020,Blackpool FC,,Doncaster Rovers FC
46,Sun May 3 2020,Burton Albion FC,,Portsmouth FC
46,Sun May 3 2020,Gillingham FC,,Bristol Rovers FC
46,Sun May 3 2020,Ipswich Town FC,,Milton Keynes Dons FC
46,Sun May 3 2020,Lincoln City FC,,Rochdale AFC
46,Sun May 3 2020,Oxford United FC,,Bolton Wanderers FC
46,Sun May 3 2020,Peterborough United FC,,Tranmere Rovers FC
46,Sun May 3 2020,Rotherham United FC,,Sunderland AFC
46,Sun May 3 2020,Southend United FC,,Shrewsbury Town FC
