Round,Date,Team 1,FT,Team 2
1,Fri Aug 6 1999,West Bromwich Albion FC,1-1,Norwich City FC
1,Fri Aug 6 1999,Walsall FC,0-0,Swindon Town FC
1,Fri Aug 6 1999,Tranmere Rovers FC,0-0,Bolton Wanderers FC
1,Fri Aug 6 1999,Queens Park Rangers FC,3-1,Huddersfield Town AFC
1,Fri Aug 6 1999,Portsmouth FC,2-0,Sheffield United FC
1,Fri Aug 6 1999,Ipswich Town FC,3-1,Nottingham Forest FC
1,Fri Aug 6 1999,Grimsby Town FC,0-1,Stockport County FC
1,Fri Aug 6 1999,Crystal Palace FC,1-1,Crewe Alexandra FC
1,Fri Aug 6 1999,Charlton Athletic FC,3-1,Barnsley FC
1,Fri Aug 6 1999,Blackburn Rovers FC,0-0,Port Vale FC
1,Fri Aug 6 1999,Birmingham City FC,2-2,Fulham FC
1,Sat Aug 7 1999,Manchester City FC,0-1,Wolverhampton Wanderers FC
2,Thu Aug 12 1999,Huddersfield Town AFC,3-2,Blackburn Rovers FC
2,Fri Aug 13 1999,Port Vale FC,1-2,West Bromwich Albion FC
2,Fri Aug 13 1999,Stockport County FC,2-1,Tranmere Rovers FC
2,Fri Aug 13 1999,Sheffield United FC,1-1,Walsall FC
2,Fri Aug 13 1999,Wolverhampton Wanderers FC,1-1,Portsmouth FC
2,Fri Aug 13 1999,Nottingham Forest FC,2-1,Grimsby Town FC
2,Fri Aug 13 1999,Barnsley FC,2-3,Crystal Palace FC
2,Fri Aug 13 1999,Fulham FC,0-0,Manchester City FC
2,Fri Aug 13 1999,Bolton Wanderers FC,2-1,Queens Park Rangers FC
2,Fri Aug 13 1999,Norwich City FC,0-1,Birmingham City FC
2,Sat Aug 14 1999,Swindon Town FC,1-4,Ipswich Town FC
3,Thu Aug 19 1999,West Bromwich Albion FC,1-1,Nottingham Forest FC
3,Fri Aug 20 1999,Manchester City FC,6-0,Sheffield United FC
3,Fri Aug 20 1999,Tranmere Rovers FC,1-0,Huddersfield Town AFC
3,Fri Aug 20 1999,Queens Park Rangers FC,1-1,Wolverhampton Wanderers FC
3,Fri Aug 20 1999,Portsmouth FC,2-0,Stockport County FC
3,Fri Aug 20 1999,Walsall FC,1-4,Crewe Alexandra FC
3,Fri Aug 20 1999,Birmingham City FC,4-2,Port Vale FC
3,Fri Aug 20 1999,Grimsby Town FC,1-1,Fulham FC
3,Fri Aug 20 1999,Crystal Palace FC,1-2,Swindon Town FC
3,Fri Aug 20 1999,Charlton Athletic FC,1-0,Norwich City FC
3,Fri Aug 20 1999,Blackburn Rovers FC,1-2,Barnsley FC
3,Fri Aug 20 1999,Ipswich Town FC,1-0,Bolton Wanderers FC
4,Thu Aug 26 1999,Crewe Alexandra FC,1-1,Grimsby Town FC
4,Thu Aug 26 1999,Stockport County FC,2-0,Birmingham City FC
4,Fri Aug 27 1999,Wolverhampton Wanderers FC,1-2,Walsall FC
4,Fri Aug 27 1999,Swindon Town FC,1-2,West Bromwich Albion FC
4,Fri Aug 27 1999,Sheffield United FC,2-2,Ipswich Town FC
4,Fri Aug 27 1999,Port Vale FC,1-0,Tranmere Rovers FC
4,Fri Aug 27 1999,Nottingham Forest FC,1-1,Queens Park Rangers FC
4,Fri Aug 27 1999,Norwich City FC,0-2,Blackburn Rovers FC
4,Fri Aug 27 1999,Huddersfield Town AFC,7-1,Crystal Palace FC
4,Fri Aug 27 1999,Fulham FC,2-1,Charlton Athletic FC
4,Fri Aug 27 1999,Barnsley FC,6-0,Portsmouth FC
4,Fri Aug 27 1999,Bolton Wanderers FC,0-1,Manchester City FC
5,Sun Aug 29 1999,West Bromwich Albion FC,0-0,Fulham FC
5,Sun Aug 29 1999,Walsall FC,2-2,Norwich City FC
5,Sun Aug 29 1999,Tranmere Rovers FC,1-3,Sheffield United FC
5,Sun Aug 29 1999,Portsmouth FC,0-0,Huddersfield Town AFC
5,Sun Aug 29 1999,Manchester City FC,1-0,Nottingham Forest FC
5,Sun Aug 29 1999,Ipswich Town FC,6-1,Barnsley FC
5,Sun Aug 29 1999,Grimsby Town FC,1-0,Swindon Town FC
5,Sun Aug 29 1999,Birmingham City FC,5-1,Crewe Alexandra FC
5,Mon Aug 30 1999,Queens Park Rangers FC,3-2,Port Vale FC
6,Thu Sep 2 1999,Barnsley FC,3-0,Tranmere Rovers FC
6,Fri Sep 3 1999,Sheffield United FC,3-1,Crystal Palace FC
6,Fri Sep 3 1999,Nottingham Forest FC,4-1,Walsall FC
6,Sat Sep 4 1999,Port Vale FC,3-1,Grimsby Town FC
6,Sat Sep 4 1999,Bolton Wanderers FC,3-3,Birmingham City FC
7,Thu Sep 9 1999,Barnsley FC,2-1,Stockport County FC
7,Fri Sep 10 1999,Swindon Town FC,0-0,Nottingham Forest FC
7,Fri Sep 10 1999,Wolverhampton Wanderers FC,0-1,Huddersfield Town AFC
7,Fri Sep 10 1999,Portsmouth FC,1-1,Ipswich Town FC
7,Fri Sep 10 1999,Port Vale FC,0-2,Fulham FC
7,Fri Sep 10 1999,Norwich City FC,2-1,Crewe Alexandra FC
7,Fri Sep 10 1999,Manchester City FC,2-1,Crystal Palace FC
7,Fri Sep 10 1999,Grimsby Town FC,1-0,Walsall FC
7,Fri Sep 10 1999,Charlton Athletic FC,2-1,Bolton Wanderers FC
7,Fri Sep 10 1999,Birmingham City FC,1-1,West Bromwich Albion FC
7,Fri Sep 10 1999,Blackburn Rovers FC,2-0,Tranmere Rovers FC
8,Fri Sep 17 1999,West Bromwich Albion FC,2-2,Blackburn Rovers FC
8,Fri Sep 17 1999,Walsall FC,0-1,Manchester City FC
8,Fri Sep 17 1999,Tranmere Rovers FC,2-4,Portsmouth FC
8,Fri Sep 17 1999,Stockport County FC,1-0,Port Vale FC
8,Fri Sep 17 1999,Sheffield United FC,1-2,Charlton Athletic FC
8,Fri Sep 17 1999,Ipswich Town FC,0-1,Birmingham City FC
8,Fri Sep 17 1999,Huddersfield Town AFC,1-0,Norwich City FC
8,Fri Sep 17 1999,Fulham FC,1-0,Queens Park Rangers FC
8,Fri Sep 17 1999,Crystal Palace FC,3-0,Grimsby Town FC
8,Fri Sep 17 1999,Crewe Alexandra FC,2-1,Swindon Town FC
8,Fri Sep 17 1999,Bolton Wanderers FC,2-2,Barnsley FC
8,Sat Sep 18 1999,Nottingham Forest FC,1-1,Wolverhampton Wanderers FC
9,Fri Sep 24 1999,West Bromwich Albion FC,0-0,Crystal Palace FC
9,Fri Sep 24 1999,Tranmere Rovers FC,2-2,Charlton Athletic FC
9,Fri Sep 24 1999,Stockport County FC,2-2,Norwich City FC
9,Fri Sep 24 1999,Sheffield United FC,3-0,Wolverhampton Wanderers FC
9,Fri Sep 24 1999,Portsmouth FC,1-2,Grimsby Town FC
9,Fri Sep 24 1999,Port Vale FC,2-0,Swindon Town FC
9,Fri Sep 24 1999,Barnsley FC,4-2,Huddersfield Town AFC
9,Fri Sep 24 1999,Bolton Wanderers FC,3-2,Nottingham Forest FC
9,Fri Sep 24 1999,Blackburn Rovers FC,2-0,Walsall FC
9,Fri Sep 24 1999,Birmingham City FC,2-0,Queens Park Rangers FC
9,Fri Sep 24 1999,Fulham FC,3-0,Crewe Alexandra FC
9,Sat Sep 25 1999,Ipswich Town FC,2-1,Manchester City FC
5,Mon Sep 27 1999,Charlton Athletic FC,4-0,Stockport County FC
5,Mon Sep 27 1999,Crystal Palace FC,1-1,Wolverhampton Wanderers FC
6,Mon Sep 27 1999,Norwich City FC,1-0,Manchester City FC
6,Mon Sep 27 1999,Swindon Town FC,2-1,Blackburn Rovers FC
10,Thu Sep 30 1999,Nottingham Forest FC,3-0,Barnsley FC
10,Fri Oct 1 1999,Swindon Town FC,0-4,Bolton Wanderers FC
10,Fri Oct 1 1999,Walsall FC,1-2,Stockport County FC
10,Fri Oct 1 1999,Queens Park Rangers FC,0-0,Blackburn Rovers FC
10,Fri Oct 1 1999,Norwich City FC,1-2,Fulham FC
10,Fri Oct 1 1999,Manchester City FC,2-1,Port Vale FC
10,Fri Oct 1 1999,Charlton Athletic FC,1-0,Birmingham City FC
10,Fri Oct 1 1999,Grimsby Town FC,2-1,Ipswich Town FC
10,Fri Oct 1 1999,Crystal Palace FC,4-0,Portsmouth FC
10,Fri Oct 1 1999,Huddersfield Town AFC,4-1,Sheffield United FC
10,Sat Oct 2 1999,Wolverhampton Wanderers FC,1-1,West Bromwich Albion FC
10,Sat Oct 2 1999,Crewe Alexandra FC,0-2,Tranmere Rovers FC
11,Thu Oct 7 1999,Walsall FC,1-0,Birmingham City FC
11,Fri Oct 8 1999,Swindon Town FC,1-1,Stockport County FC
11,Fri Oct 8 1999,Wolverhampton Wanderers FC,1-0,Bolton Wanderers FC
11,Fri Oct 8 1999,Queens Park Rangers FC,2-1,Tranmere Rovers FC
11,Fri Oct 8 1999,Huddersfield Town AFC,2-2,Port Vale FC
11,Fri Oct 8 1999,Crewe Alexandra FC,1-0,Sheffield United FC
12,Fri Oct 15 1999,Tranmere Rovers FC,1-1,Manchester City FC
12,Fri Oct 15 1999,West Bromwich Albion FC,0-1,Walsall FC
12,Fri Oct 15 1999,Stockport County FC,2-1,Crewe Alexandra FC
12,Fri Oct 15 1999,Sheffield United FC,2-1,Nottingham Forest FC
12,Fri Oct 15 1999,Portsmouth FC,0-2,Charlton Athletic FC
12,Fri Oct 15 1999,Port Vale FC,0-1,Norwich City FC
12,Fri Oct 15 1999,Ipswich Town FC,1-4,Queens Park Rangers FC
12,Fri Oct 15 1999,Barnsley FC,1-2,Wolverhampton Wanderers FC
12,Fri Oct 15 1999,Bolton Wanderers FC,1-0,Huddersfield Town AFC
12,Fri Oct 15 1999,Blackburn Rovers FC,1-1,Grimsby Town FC
12,Fri Oct 15 1999,Birmingham City FC,2-0,Crystal Palace FC
12,Fri Oct 15 1999,Fulham FC,1-0,Swindon Town FC
13,Mon Oct 18 1999,West Bromwich Albion FC,0-1,Queens Park Rangers FC
13,Mon Oct 18 1999,Tranmere Rovers FC,3-2,Grimsby Town FC
13,Mon Oct 18 1999,Stockport County FC,1-1,Huddersfield Town AFC
13,Mon Oct 18 1999,Sheffield United FC,0-0,Norwich City FC
13,Mon Oct 18 1999,Portsmouth FC,5-1,Walsall FC
13,Mon Oct 18 1999,Port Vale FC,0-2,Nottingham Forest FC
13,Mon Oct 18 1999,Ipswich Town FC,4-2,Charlton Athletic FC
13,Mon Oct 18 1999,Fulham FC,0-1,Wolverhampton Wanderers FC
13,Mon Oct 18 1999,Bolton Wanderers FC,2-2,Crewe Alexandra FC
13,Mon Oct 18 1999,Birmingham City FC,0-1,Manchester City FC
13,Mon Oct 18 1999,Barnsley FC,1-0,Swindon Town FC
13,Tue Oct 19 1999,Blackburn Rovers FC,1-1,Crystal Palace FC
14,Fri Oct 22 1999,Wolverhampton Wanderers FC,2-2,Port Vale FC
14,Fri Oct 22 1999,Walsall FC,0-1,Ipswich Town FC
14,Fri Oct 22 1999,Swindon Town FC,2-2,Sheffield United FC
14,Fri Oct 22 1999,Queens Park Rangers FC,0-0,Portsmouth FC
14,Fri Oct 22 1999,Nottingham Forest FC,1-1,Stockport County FC
14,Fri Oct 22 1999,Manchester City FC,2-0,Blackburn Rovers FC
14,Fri Oct 22 1999,Huddersfield Town AFC,1-1,Fulham FC
14,Fri Oct 22 1999,Grimsby Town FC,1-1,Birmingham City FC
14,Fri Oct 22 1999,Crystal Palace FC,2-2,Tranmere Rovers FC
14,Fri Oct 22 1999,Crewe Alexandra FC,0-1,Barnsley FC
14,Fri Oct 22 1999,Charlton Athletic FC,0-0,West Bromwich Albion FC
14,Sat Oct 23 1999,Norwich City FC,2-1,Bolton Wanderers FC
15,Mon Oct 25 1999,Norwich City FC,2-0,Stockport County FC
15,Mon Oct 25 1999,Walsall FC,1-1,Blackburn Rovers FC
15,Mon Oct 25 1999,Swindon Town FC,2-1,Port Vale FC
15,Mon Oct 25 1999,Wolverhampton Wanderers FC,1-0,Sheffield United FC
15,Mon Oct 25 1999,Huddersfield Town AFC,2-1,Barnsley FC
15,Mon Oct 25 1999,Grimsby Town FC,1-0,Portsmouth FC
15,Mon Oct 25 1999,Crystal Palace FC,0-2,West Bromwich Albion FC
15,Mon Oct 25 1999,Charlton Athletic FC,3-2,Tranmere Rovers FC
15,Mon Oct 25 1999,Crewe Alexandra FC,1-1,Fulham FC
15,Tue Oct 26 1999,Queens Park Rangers FC,2-2,Birmingham City FC
15,Tue Oct 26 1999,Nottingham Forest FC,1-1,Bolton Wanderers FC
15,Tue Oct 26 1999,Manchester City FC,1-0,Ipswich Town FC
16,Fri Oct 29 1999,Portsmouth FC,3-1,Crystal Palace FC
16,Fri Oct 29 1999,Stockport County FC,1-1,Walsall FC
16,Fri Oct 29 1999,Sheffield United FC,0-1,Huddersfield Town AFC
16,Fri Oct 29 1999,Tranmere Rovers FC,2-0,Crewe Alexandra FC
16,Fri Oct 29 1999,Port Vale FC,1-2,Manchester City FC
16,Fri Oct 29 1999,Barnsley FC,1-0,Nottingham Forest FC
16,Fri Oct 29 1999,Fulham FC,1-1,Norwich City FC
16,Fri Oct 29 1999,Bolton Wanderers FC,2-0,Swindon Town FC
16,Fri Oct 29 1999,Blackburn Rovers FC,0-2,Queens Park Rangers FC
16,Fri Oct 29 1999,Birmingham City FC,1-0,Charlton Athletic FC
16,Fri Oct 29 1999,Ipswich Town FC,2-0,Grimsby Town FC
16,Sat Oct 30 1999,West Bromwich Albion FC,1-1,Wolverhampton Wanderers FC
2,Mon Nov 1 1999,Crewe Alexandra FC,0-2,Charlton Athletic FC
6,Mon Nov 1 1999,Huddersfield Town AFC,3-1,Ipswich Town FC
6,Mon Nov 1 1999,Stockport County FC,3-3,Queens Park Rangers FC
11,Tue Nov 2 1999,Manchester City FC,4-2,Portsmouth FC
17,Thu Nov 4 1999,Port Vale FC,1-0,Crewe Alexandra FC
17,Fri Nov 5 1999,Portsmouth FC,2-2,Birmingham City FC
17,Fri Nov 5 1999,Tranmere Rovers FC,3-0,West Bromwich Albion FC
17,Fri Nov 5 1999,Stockport County FC,2-1,Fulham FC
17,Fri Nov 5 1999,Queens Park Rangers FC,1-1,Manchester City FC
17,Fri Nov 5 1999,Wolverhampton Wanderers FC,3-0,Grimsby Town FC
17,Fri Nov 5 1999,Norwich City FC,1-0,Nottingham Forest FC
17,Fri Nov 5 1999,Barnsley FC,2-0,Sheffield United FC
17,Fri Nov 5 1999,Charlton Athletic FC,2-1,Walsall FC
17,Fri Nov 5 1999,Bolton Wanderers FC,2-0,Crystal Palace FC
17,Fri Nov 5 1999,Blackburn Rovers FC,2-2,Ipswich Town FC
17,Fri Nov 5 1999,Huddersfield Town AFC,4-0,Swindon Town FC
6,Mon Nov 8 1999,Fulham FC,1-0,Portsmouth FC
18,Thu Nov 11 1999,Swindon Town FC,0-0,Norwich City FC
18,Thu Nov 11 1999,Walsall FC,0-0,Port Vale FC
18,Thu Nov 11 1999,Grimsby Town FC,2-5,Charlton Athletic FC
18,Thu Nov 11 1999,Ipswich Town FC,0-0,Tranmere Rovers FC
18,Fri Nov 12 1999,Fulham FC,1-3,Barnsley FC
18,Sat Nov 13 1999,Sheffield United FC,1-2,Bolton Wanderers FC
18,Sat Nov 13 1999,West Bromwich Albion FC,3-2,Portsmouth FC
18,Sat Nov 13 1999,Nottingham Forest FC,1-3,Huddersfield Town AFC
18,Sat Nov 13 1999,Crystal Palace FC,3-0,Queens Park Rangers FC
19,Fri Nov 19 1999,Stockport County FC,1-1,Sheffield United FC
19,Fri Nov 19 1999,Tranmere Rovers FC,3-0,Nottingham Forest FC
19,Fri Nov 19 1999,Wolverhampton Wanderers FC,1-1,Swindon Town FC
19,Fri Nov 19 1999,Queens Park Rangers FC,2-1,Walsall FC
19,Fri Nov 19 1999,Portsmouth FC,0-2,Crewe Alexandra FC
19,Fri Nov 19 1999,Port Vale FC,2-2,Crystal Palace FC
19,Fri Nov 19 1999,Huddersfield Town AFC,1-0,West Bromwich Albion FC
19,Fri Nov 19 1999,Charlton Athletic FC,0-1,Manchester City FC
19,Fri Nov 19 1999,Barnsley FC,2-1,Birmingham City FC
19,Fri Nov 19 1999,Blackburn Rovers FC,2-0,Fulham FC
19,Fri Nov 19 1999,Bolton Wanderers FC,2-0,Grimsby Town FC
19,Sat Nov 20 1999,Norwich City FC,0-0,Ipswich Town FC
20,Mon Nov 22 1999,West Bromwich Albion FC,2-0,Stockport County FC
20,Mon Nov 22 1999,Walsall FC,2-0,Huddersfield Town AFC
20,Mon Nov 22 1999,Swindon Town FC,1-2,Charlton Athletic FC
20,Mon Nov 22 1999,Sheffield United FC,1-3,Port Vale FC
20,Mon Nov 22 1999,Grimsby Town FC,2-1,Queens Park Rangers FC
20,Mon Nov 22 1999,Birmingham City FC,3-1,Tranmere Rovers FC
20,Mon Nov 22 1999,Crystal Palace FC,1-0,Norwich City FC
20,Mon Nov 22 1999,Crewe Alexandra FC,0-0,Blackburn Rovers FC
20,Mon Nov 22 1999,Fulham FC,1-1,Bolton Wanderers FC
20,Tue Nov 23 1999,Nottingham Forest FC,2-0,Portsmouth FC
20,Tue Nov 23 1999,Ipswich Town FC,1-0,Wolverhampton Wanderers FC
20,Tue Nov 23 1999,Manchester City FC,3-1,Barnsley FC
21,Fri Nov 26 1999,West Bromwich Albion FC,2-2,Sheffield United FC
21,Fri Nov 26 1999,Walsall FC,1-3,Fulham FC
21,Fri Nov 26 1999,Tranmere Rovers FC,1-0,Wolverhampton Wanderers FC
21,Fri Nov 26 1999,Queens Park Rangers FC,2-2,Barnsley FC
21,Fri Nov 26 1999,Portsmouth FC,0-0,Bolton Wanderers FC
21,Fri Nov 26 1999,Birmingham City FC,1-1,Swindon Town FC
21,Fri Nov 26 1999,Ipswich Town FC,2-1,Crewe Alexandra FC
21,Fri Nov 26 1999,Crystal Palace FC,2-0,Nottingham Forest FC
21,Fri Nov 26 1999,Charlton Athletic FC,2-2,Port Vale FC
21,Fri Nov 26 1999,Blackburn Rovers FC,2-0,Stockport County FC
21,Fri Nov 26 1999,Manchester City FC,0-1,Huddersfield Town AFC
21,Sat Nov 27 1999,Grimsby Town FC,2-1,Norwich City FC
7,Mon Nov 29 1999,Queens Park Rangers FC,3-1,Sheffield United FC
11,Mon Nov 29 1999,Charlton Athletic FC,1-2,Blackburn Rovers FC
22,Thu Dec 2 1999,Wolverhampton Wanderers FC,4-1,Manchester City FC
22,Fri Dec 3 1999,Sheffield United FC,1-0,Portsmouth FC
22,Fri Dec 3 1999,Stockport County FC,2-1,Grimsby Town FC
22,Fri Dec 3 1999,Swindon Town FC,1-1,Walsall FC
22,Fri Dec 3 1999,Port Vale FC,0-0,Blackburn Rovers FC
22,Fri Dec 3 1999,Norwich City FC,2-1,West Bromwich Albion FC
22,Fri Dec 3 1999,Huddersfield Town AFC,1-0,Queens Park Rangers FC
22,Fri Dec 3 1999,Barnsley FC,1-1,Charlton Athletic FC
22,Fri Dec 3 1999,Crewe Alexandra FC,2-0,Crystal Palace FC
22,Fri Dec 3 1999,Bolton Wanderers FC,2-3,Tranmere Rovers FC
22,Fri Dec 3 1999,Fulham FC,0-0,Birmingham City FC
22,Sat Dec 4 1999,Nottingham Forest FC,0-1,Ipswich Town FC
5,Mon Dec 6 1999,Blackburn Rovers FC,3-1,Bolton Wanderers FC
6,Mon Dec 6 1999,Crewe Alexandra FC,2-0,West Bromwich Albion FC
11,Mon Dec 6 1999,Crystal Palace FC,2-2,Ipswich Town FC
18,Mon Dec 6 1999,Manchester City FC,1-2,Stockport County FC
11,Mon Dec 13 1999,Grimsby Town FC,1-1,West Bromwich Albion FC
18,Mon Dec 13 1999,Crewe Alexandra FC,1-0,Wolverhampton Wanderers FC
11,Tue Dec 14 1999,Nottingham Forest FC,0-0,Fulham FC
23,Thu Dec 16 1999,Wolverhampton Wanderers FC,2-1,Birmingham City FC
23,Thu Dec 16 1999,Tranmere Rovers FC,1-2,Norwich City FC
23,Fri Dec 17 1999,Queens Park Rangers FC,0-0,Charlton Athletic FC
23,Fri Dec 17 1999,Portsmouth FC,0-0,Port Vale FC
23,Fri Dec 17 1999,Nottingham Forest FC,1-0,Crewe Alexandra FC
23,Fri Dec 17 1999,Manchester City FC,3-0,Swindon Town FC
23,Fri Dec 17 1999,Ipswich Town FC,3-1,West Bromwich Albion FC
23,Fri Dec 17 1999,Huddersfield Town AFC,3-1,Grimsby Town FC
23,Fri Dec 17 1999,Bolton Wanderers FC,0-1,Stockport County FC
23,Fri Dec 17 1999,Barnsley FC,3-2,Walsall FC
23,Fri Dec 17 1999,Crystal Palace FC,0-0,Fulham FC
23,Sat Dec 18 1999,Sheffield United FC,2-1,Blackburn Rovers FC
24,Sat Dec 25 1999,Walsall FC,1-2,Tranmere Rovers FC
24,Sat Dec 25 1999,Norwich City FC,2-1,Queens Park Rangers FC
24,Sat Dec 25 1999,Stockport County FC,3-2,Wolverhampton Wanderers FC
24,Sat Dec 25 1999,Crewe Alexandra FC,1-1,Huddersfield Town AFC
24,Sat Dec 25 1999,Grimsby Town FC,0-3,Barnsley FC
24,Sat Dec 25 1999,West Bromwich Albion FC,0-2,Manchester City FC
24,Sat Dec 25 1999,Fulham FC,0-0,Ipswich Town FC
24,Sat Dec 25 1999,Charlton Athletic FC,2-1,Crystal Palace FC
24,Sat Dec 25 1999,Blackburn Rovers FC,2-1,Nottingham Forest FC
24,Sat Dec 25 1999,Birmingham City FC,0-2,Sheffield United FC
24,Sat Dec 25 1999,Swindon Town FC,1-1,Portsmouth FC
25,Mon Dec 27 1999,Wolverhampton Wanderers FC,1-0,Norwich City FC
25,Mon Dec 27 1999,Tranmere Rovers FC,3-1,Swindon Town FC
25,Mon Dec 27 1999,Sheffield United FC,2-0,Fulham FC
25,Mon Dec 27 1999,Queens Park Rangers FC,1-0,Crewe Alexandra FC
25,Mon Dec 27 1999,Portsmouth FC,1-2,Blackburn Rovers FC
25,Mon Dec 27 1999,Nottingham Forest FC,1-0,Birmingham City FC
25,Mon Dec 27 1999,Manchester City FC,2-1,Grimsby Town FC
25,Mon Dec 27 1999,Ipswich Town FC,1-0,Stockport County FC
25,Mon Dec 27 1999,Huddersfield Town AFC,1-2,Charlton Athletic FC
25,Mon Dec 27 1999,Crystal Palace FC,3-2,Walsall FC
25,Mon Dec 27 1999,Bolton Wanderers FC,1-1,West Bromwich Albion FC
25,Mon Dec 27 1999,Barnsley FC,3-1,Port Vale FC
26,Sun Jan 2 2000,West Bromwich Albion FC,0-2,Barnsley FC
26,Sun Jan 2 2000,Walsall FC,2-0,Bolton Wanderers FC
26,Sun Jan 2 2000,Swindon Town FC,0-1,Queens Park Rangers FC
26,Sun Jan 2 2000,Stockport County FC,1-2,Crystal Palace FC
26,Sun Jan 2 2000,Port Vale FC,1-2,Ipswich Town FC
26,Sun Jan 2 2000,Norwich City FC,2-1,Portsmouth FC
26,Sun Jan 2 2000,Birmingham City FC,1-0,Huddersfield Town AFC
26,Sun Jan 2 2000,Fulham FC,1-0,Tranmere Rovers FC
26,Sun Jan 2 2000,Crewe Alexandra FC,1-1,Manchester City FC
26,Sun Jan 2 2000,Charlton Athletic FC,3-0,Nottingham Forest FC
26,Sun Jan 2 2000,Blackburn Rovers FC,1-1,Wolverhampton Wanderers FC
26,Sun Jan 2 2000,Grimsby Town FC,2-2,Sheffield United FC
11,Fri Jan 7 2000,Norwich City FC,2-2,Barnsley FC
6,Mon Jan 10 2000,Wolverhampton Wanderers FC,2-3,Charlton Athletic FC
27,Fri Jan 14 2000,Portsmouth FC,2-3,Wolverhampton Wanderers FC
27,Fri Jan 14 2000,Walsall FC,2-1,Sheffield United FC
27,Fri Jan 14 2000,Tranmere Rovers FC,0-0,Stockport County FC
27,Fri Jan 14 2000,Queens Park Rangers FC,0-1,Bolton Wanderers FC
27,Fri Jan 14 2000,West Bromwich Albion FC,0-0,Port Vale FC
27,Fri Jan 14 2000,Ipswich Town FC,3-0,Swindon Town FC
27,Fri Jan 14 2000,Grimsby Town FC,4-3,Nottingham Forest FC
27,Fri Jan 14 2000,Crystal Palace FC,0-2,Barnsley FC
27,Fri Jan 14 2000,Charlton Athletic FC,1-0,Crewe Alexandra FC
27,Fri Jan 14 2000,Birmingham City FC,2-0,Norwich City FC
27,Fri Jan 14 2000,Blackburn Rovers FC,2-0,Huddersfield Town AFC
27,Sat Jan 15 2000,Manchester City FC,4-0,Fulham FC
28,Thu Jan 20 2000,Swindon Town FC,2-4,Crystal Palace FC
28,Fri Jan 21 2000,Nottingham Forest FC,0-0,West Bromwich Albion FC
28,Fri Jan 21 2000,Stockport County FC,1-1,Portsmouth FC
28,Fri Jan 21 2000,Sheffield United FC,1-0,Manchester City FC
28,Fri Jan 21 2000,Port Vale FC,3-1,Birmingham City FC
28,Fri Jan 21 2000,Wolverhampton Wanderers FC,3-2,Queens Park Rangers FC
28,Fri Jan 21 2000,Norwich City FC,0-3,Charlton Athletic FC
28,Fri Jan 21 2000,Huddersfield Town AFC,1-0,Tranmere Rovers FC
28,Fri Jan 21 2000,Fulham FC,0-1,Grimsby Town FC
28,Fri Jan 21 2000,Barnsley FC,5-1,Blackburn Rovers FC
28,Fri Jan 21 2000,Bolton Wanderers FC,1-1,Ipswich Town FC
28,Fri Jan 21 2000,Crewe Alexandra FC,2-3,Walsall FC
29,Fri Jan 28 2000,West Bromwich Albion FC,1-1,Swindon Town FC
29,Fri Jan 28 2000,Walsall FC,1-1,Wolverhampton Wanderers FC
29,Fri Jan 28 2000,Queens Park Rangers FC,1-1,Nottingham Forest FC
29,Fri Jan 28 2000,Portsmouth FC,3-0,Barnsley FC
29,Fri Jan 28 2000,Birmingham City FC,2-1,Stockport County FC
29,Fri Jan 28 2000,Grimsby Town FC,1-1,Crewe Alexandra FC
29,Fri Jan 28 2000,Crystal Palace FC,2-2,Huddersfield Town AFC
29,Fri Jan 28 2000,Ipswich Town FC,1-1,Sheffield United FC
30,Fri Feb 4 2000,Wolverhampton Wanderers FC,2-1,Crystal Palace FC
30,Fri Feb 4 2000,Swindon Town FC,0-1,Grimsby Town FC
30,Fri Feb 4 2000,Stockport County FC,1-3,Charlton Athletic FC
30,Fri Feb 4 2000,Sheffield United FC,3-1,Tranmere Rovers FC
30,Fri Feb 4 2000,Port Vale FC,1-1,Queens Park Rangers FC
30,Fri Feb 4 2000,Nottingham Forest FC,1-3,Manchester City FC
30,Fri Feb 4 2000,Barnsley FC,0-2,Ipswich Town FC
30,Fri Feb 4 2000,Huddersfield Town AFC,0-1,Portsmouth FC
30,Fri Feb 4 2000,Fulham FC,1-0,West Bromwich Albion FC
30,Fri Feb 4 2000,Crewe Alexandra FC,2-3,Birmingham City FC
30,Fri Feb 4 2000,Bolton Wanderers FC,3-1,Blackburn Rovers FC
30,Fri Feb 4 2000,Norwich City FC,1-1,Walsall FC
24,Mon Feb 7 2000,Port Vale FC,0-1,Bolton Wanderers FC
31,Thu Feb 10 2000,Tranmere Rovers FC,2-2,Barnsley FC
31,Fri Feb 11 2000,West Bromwich Albion FC,1-0,Crewe Alexandra FC
31,Fri Feb 11 2000,Walsall FC,0-2,Nottingham Forest FC
31,Fri Feb 11 2000,Queens Park Rangers FC,1-1,Stockport County FC
31,Fri Feb 11 2000,Portsmouth FC,0-1,Fulham FC
31,Fri Feb 11 2000,Manchester City FC,3-1,Norwich City FC
31,Fri Feb 11 2000,Ipswich Town FC,2-1,Huddersfield Town AFC
31,Fri Feb 11 2000,Birmingham City FC,2-1,Bolton Wanderers FC
31,Fri Feb 11 2000,Crystal Palace FC,1-1,Sheffield United FC
31,Fri Feb 11 2000,Charlton Athletic FC,2-0,Wolverhampton Wanderers FC
31,Fri Feb 11 2000,Blackburn Rovers FC,0-0,Swindon Town FC
31,Fri Feb 11 2000,Grimsby Town FC,2-0,Port Vale FC
18,Mon Feb 14 2000,Birmingham City FC,1-0,Blackburn Rovers FC
29,Mon Feb 14 2000,Charlton Athletic FC,1-0,Fulham FC
32,Tue Feb 15 2000,Wolverhampton Wanderers FC,4-0,Tranmere Rovers FC
32,Thu Feb 17 2000,Huddersfield Town AFC,1-1,Manchester City FC
32,Fri Feb 18 2000,Barnsley FC,1-1,Queens Park Rangers FC
32,Fri Feb 18 2000,Stockport County FC,0-1,Blackburn Rovers FC
32,Fri Feb 18 2000,Swindon Town FC,1-4,Birmingham City FC
32,Fri Feb 18 2000,Nottingham Forest FC,2-0,Crystal Palace FC
32,Fri Feb 18 2000,Norwich City FC,3-0,Grimsby Town FC
32,Fri Feb 18 2000,Fulham FC,2-0,Walsall FC
32,Fri Feb 18 2000,Crewe Alexandra FC,1-2,Ipswich Town FC
32,Fri Feb 18 2000,Sheffield United FC,6-0,West Bromwich Albion FC
32,Mon Feb 21 2000,Bolton Wanderers FC,3-0,Portsmouth FC
33,Fri Feb 25 2000,Wolverhampton Wanderers FC,3-0,Nottingham Forest FC
33,Fri Feb 25 2000,Swindon Town FC,0-1,Crewe Alexandra FC
33,Fri Feb 25 2000,Port Vale FC,1-1,Stockport County FC
33,Fri Feb 25 2000,Norwich City FC,1-1,Huddersfield Town AFC
33,Fri Feb 25 2000,Manchester City FC,1-1,Walsall FC
33,Fri Feb 25 2000,Barnsley FC,1-1,Bolton Wanderers FC
33,Fri Feb 25 2000,Charlton Athletic FC,1-0,Sheffield United FC
33,Fri Feb 25 2000,Blackburn Rovers FC,2-1,West Bromwich Albion FC
33,Fri Feb 25 2000,Grimsby Town FC,1-0,Crystal Palace FC
33,Sat Feb 26 2000,Birmingham City FC,1-1,Ipswich Town FC
33,Sun Feb 27 2000,Queens Park Rangers FC,0-0,Fulham FC
29,Mon Feb 28 2000,Blackburn Rovers FC,1-1,Norwich City FC
33,Tue Feb 29 2000,Portsmouth FC,1-2,Tranmere Rovers FC
34,Thu Mar 2 2000,Stockport County FC,1-3,Barnsley FC
34,Fri Mar 3 2000,Nottingham Forest FC,3-1,Swindon Town FC
34,Fri Mar 3 2000,Walsall FC,1-0,Grimsby Town FC
34,Fri Mar 3 2000,Tranmere Rovers FC,2-1,Blackburn Rovers FC
34,Fri Mar 3 2000,West Bromwich Albion FC,0-3,Birmingham City FC
34,Fri Mar 3 2000,Ipswich Town FC,0-1,Portsmouth FC
34,Fri Mar 3 2000,Huddersfield Town AFC,2-0,Wolverhampton Wanderers FC
34,Fri Mar 3 2000,Fulham FC,3-1,Port Vale FC
34,Fri Mar 3 2000,Crystal Palace FC,1-1,Manchester City FC
34,Fri Mar 3 2000,Crewe Alexandra FC,1-0,Norwich City FC
34,Fri Mar 3 2000,Bolton Wanderers FC,0-2,Charlton Athletic FC
34,Sat Mar 4 2000,Sheffield United FC,1-1,Queens Park Rangers FC
35,Mon Mar 6 2000,Birmingham City FC,1-0,Portsmouth FC
35,Mon Mar 6 2000,Walsall FC,2-4,Charlton Athletic FC
35,Mon Mar 6 2000,Swindon Town FC,2-0,Huddersfield Town AFC
35,Mon Mar 6 2000,Sheffield United FC,3-3,Barnsley FC
35,Mon Mar 6 2000,West Bromwich Albion FC,2-0,Tranmere Rovers FC
35,Mon Mar 6 2000,Grimsby Town FC,1-0,Wolverhampton Wanderers FC
35,Mon Mar 6 2000,Fulham FC,4-1,Stockport County FC
35,Mon Mar 6 2000,Crystal Palace FC,0-0,Bolton Wanderers FC
35,Mon Mar 6 2000,Crewe Alexandra FC,2-1,Port Vale FC
35,Mon Mar 6 2000,Ipswich Town FC,0-0,Blackburn Rovers FC
35,Tue Mar 7 2000,Nottingham Forest FC,1-1,Norwich City FC
35,Tue Mar 7 2000,Manchester City FC,1-3,Queens Park Rangers FC
36,Fri Mar 10 2000,Portsmouth FC,2-1,Nottingham Forest FC
36,Fri Mar 10 2000,Barnsley FC,2-1,Manchester City FC
36,Fri Mar 10 2000,Stockport County FC,0-1,West Bromwich Albion FC
36,Fri Mar 10 2000,Queens Park Rangers FC,1-0,Grimsby Town FC
36,Fri Mar 10 2000,Wolverhampton Wanderers FC,2-1,Ipswich Town FC
36,Fri Mar 10 2000,Port Vale FC,2-3,Sheffield United FC
36,Fri Mar 10 2000,Norwich City FC,0-1,Crystal Palace FC
36,Fri Mar 10 2000,Huddersfield Town AFC,1-1,Walsall FC
36,Fri Mar 10 2000,Charlton Athletic FC,0-1,Swindon Town FC
36,Fri Mar 10 2000,Bolton Wanderers FC,3-1,Fulham FC
36,Fri Mar 10 2000,Tranmere Rovers FC,2-1,Birmingham City FC
36,Sat Mar 11 2000,Blackburn Rovers FC,0-1,Crewe Alexandra FC
40,Mon Mar 13 2000,Stockport County FC,0-0,Bolton Wanderers FC
37,Fri Mar 17 2000,Sheffield United FC,1-0,Stockport County FC
37,Fri Mar 17 2000,Walsall FC,2-3,Queens Park Rangers FC
37,Fri Mar 17 2000,Swindon Town FC,1-2,Wolverhampton Wanderers FC
37,Fri Mar 17 2000,West Bromwich Albion FC,0-1,Huddersfield Town AFC
37,Fri Mar 17 2000,Nottingham Forest FC,1-1,Tranmere Rovers FC
37,Fri Mar 17 2000,Grimsby Town FC,0-1,Bolton Wanderers FC
37,Fri Mar 17 2000,Fulham FC,2-2,Blackburn Rovers FC
37,Fri Mar 17 2000,Crystal Palace FC,1-1,Port Vale FC
37,Fri Mar 17 2000,Birmingham City FC,3-1,Barnsley FC
37,Fri Mar 17 2000,Crewe Alexandra FC,1-3,Portsmouth FC
37,Sat Mar 18 2000,Manchester City FC,1-1,Charlton Athletic FC
37,Sat Mar 18 2000,Ipswich Town FC,0-2,Norwich City FC
38,Mon Mar 20 2000,Portsmouth FC,2-0,West Bromwich Albion FC
38,Mon Mar 20 2000,Stockport County FC,2-2,Manchester City FC
38,Mon Mar 20 2000,Wolverhampton Wanderers FC,2-0,Crewe Alexandra FC
38,Mon Mar 20 2000,Port Vale FC,1-2,Walsall FC
38,Mon Mar 20 2000,Barnsley FC,1-0,Fulham FC
38,Mon Mar 20 2000,Bolton Wanderers FC,2-0,Sheffield United FC
38,Mon Mar 20 2000,Huddersfield Town AFC,2-1,Nottingham Forest FC
38,Tue Mar 21 2000,Tranmere Rovers FC,0-2,Ipswich Town FC
38,Tue Mar 21 2000,Queens Park Rangers FC,0-1,Crystal Palace FC
38,Tue Mar 21 2000,Norwich City FC,0-2,Swindon Town FC
38,Tue Mar 21 2000,Charlton Athletic FC,4-0,Grimsby Town FC
38,Tue Mar 21 2000,Blackburn Rovers FC,1-0,Birmingham City FC
39,Fri Mar 24 2000,Sheffield United FC,1-2,Birmingham City FC
39,Fri Mar 24 2000,Tranmere Rovers FC,1-1,Walsall FC
39,Fri Mar 24 2000,Wolverhampton Wanderers FC,2-2,Stockport County FC
39,Fri Mar 24 2000,Queens Park Rangers FC,2-2,Norwich City FC
39,Fri Mar 24 2000,Portsmouth FC,4-1,Swindon Town FC
39,Fri Mar 24 2000,Bolton Wanderers FC,2-1,Port Vale FC
39,Fri Mar 24 2000,Manchester City FC,2-1,West Bromwich Albion FC
39,Fri Mar 24 2000,Ipswich Town FC,1-0,Fulham FC
39,Fri Mar 24 2000,Huddersfield Town AFC,3-0,Crewe Alexandra FC
39,Fri Mar 24 2000,Crystal Palace FC,0-1,Charlton Athletic FC
39,Fri Mar 24 2000,Nottingham Forest FC,0-1,Blackburn Rovers FC
39,Sun Mar 26 2000,Barnsley FC,3-0,Grimsby Town FC
40,Thu Mar 30 2000,Charlton Athletic FC,2-1,Queens Park Rangers FC
40,Fri Mar 31 2000,Norwich City FC,1-1,Tranmere Rovers FC
40,Fri Mar 31 2000,Swindon Town FC,0-2,Manchester City FC
40,Fri Mar 31 2000,Port Vale FC,2-0,Portsmouth FC
40,Fri Mar 31 2000,Walsall FC,1-4,Barnsley FC
40,Fri Mar 31 2000,Grimsby Town FC,0-0,Huddersfield Town AFC
40,Fri Mar 31 2000,Fulham FC,1-0,Crystal Palace FC
40,Fri Mar 31 2000,Crewe Alexandra FC,0-3,Nottingham Forest FC
40,Fri Mar 31 2000,Blackburn Rovers FC,5-0,Sheffield United FC
40,Fri Mar 31 2000,Birmingham City FC,1-0,Wolverhampton Wanderers FC
32,Mon Apr 3 2000,Port Vale FC,2-2,Charlton Athletic FC
40,Mon Apr 3 2000,West Bromwich Albion FC,1-1,Ipswich Town FC
29,Tue Apr 4 2000,Manchester City FC,2-0,Bolton Wanderers FC
41,Fri Apr 7 2000,Nottingham Forest FC,1-1,Charlton Athletic FC
41,Fri Apr 7 2000,Sheffield United FC,0-0,Grimsby Town FC
41,Fri Apr 7 2000,Queens Park Rangers FC,2-1,Swindon Town FC
41,Fri Apr 7 2000,Portsmouth FC,2-1,Norwich City FC
41,Fri Apr 7 2000,Wolverhampton Wanderers FC,2-1,Blackburn Rovers FC
41,Fri Apr 7 2000,Manchester City FC,4-0,Crewe Alexandra FC
41,Fri Apr 7 2000,Ipswich Town FC,3-0,Port Vale FC
41,Fri Apr 7 2000,Huddersfield Town AFC,0-0,Birmingham City FC
41,Fri Apr 7 2000,Crystal Palace FC,3-3,Stockport County FC
41,Fri Apr 7 2000,Bolton Wanderers FC,4-3,Walsall FC
41,Fri Apr 7 2000,Barnsley FC,2-2,West Bromwich Albion FC
41,Sat Apr 8 2000,Tranmere Rovers FC,1-1,Fulham FC
42,Thu Apr 13 2000,Charlton Athletic FC,0-1,Huddersfield Town AFC
42,Fri Apr 14 2000,Norwich City FC,1-0,Wolverhampton Wanderers FC
42,Fri Apr 14 2000,Walsall FC,2-2,Crystal Palace FC
42,Fri Apr 14 2000,Swindon Town FC,3-1,Tranmere Rovers FC
42,Fri Apr 14 2000,Stockport County FC,0-1,Ipswich Town FC
42,Fri Apr 14 2000,Port Vale FC,2-2,Barnsley FC
42,Fri Apr 14 2000,West Bromwich Albion FC,4-4,Bolton Wanderers FC
42,Fri Apr 14 2000,Grimsby Town FC,1-1,Manchester City FC
42,Fri Apr 14 2000,Fulham FC,4-0,Sheffield United FC
42,Fri Apr 14 2000,Crewe Alexandra FC,2-1,Queens Park Rangers FC
42,Fri Apr 14 2000,Blackburn Rovers FC,1-1,Portsmouth FC
42,Fri Apr 14 2000,Birmingham City FC,0-1,Nottingham Forest FC
29,Mon Apr 17 2000,Tranmere Rovers FC,2-1,Port Vale FC
43,Thu Apr 20 2000,Charlton Athletic FC,1-1,Portsmouth FC
43,Fri Apr 21 2000,Nottingham Forest FC,0-0,Sheffield United FC
43,Fri Apr 21 2000,Walsall FC,2-1,West Bromwich Albion FC
43,Fri Apr 21 2000,Swindon Town FC,1-0,Fulham FC
43,Fri Apr 21 2000,Crewe Alexandra FC,3-2,Stockport County FC
43,Fri Apr 21 2000,Wolverhampton Wanderers FC,2-0,Barnsley FC
43,Fri Apr 21 2000,Norwich City FC,0-0,Port Vale FC
43,Fri Apr 21 2000,Manchester City FC,2-0,Tranmere Rovers FC
43,Fri Apr 21 2000,Huddersfield Town AFC,0-3,Bolton Wanderers FC
43,Fri Apr 21 2000,Grimsby Town FC,0-0,Blackburn Rovers FC
43,Fri Apr 21 2000,Crystal Palace FC,0-2,Birmingham City FC
43,Fri Apr 21 2000,Queens Park Rangers FC,3-1,Ipswich Town FC
44,Sun Apr 23 2000,West Bromwich Albion FC,2-1,Grimsby Town FC
44,Sun Apr 23 2000,Tranmere Rovers FC,1-1,Queens Park Rangers FC
44,Sun Apr 23 2000,Stockport County FC,3-0,Swindon Town FC
44,Sun Apr 23 2000,Sheffield United FC,1-1,Crewe Alexandra FC
44,Sun Apr 23 2000,Portsmouth FC,2-2,Manchester City FC
44,Sun Apr 23 2000,Barnsley FC,2-1,Norwich City FC
44,Sun Apr 23 2000,Fulham FC,1-1,Nottingham Forest FC
44,Sun Apr 23 2000,Blackburn Rovers FC,1-1,Charlton Athletic FC
44,Sun Apr 23 2000,Birmingham City FC,2-0,Walsall FC
44,Sun Apr 23 2000,Port Vale FC,1-2,Huddersfield Town AFC
44,Mon Apr 24 2000,Ipswich Town FC,1-0,Crystal Palace FC
45,Thu Apr 27 2000,Manchester City FC,1-0,Birmingham City FC
45,Fri Apr 28 2000,Nottingham Forest FC,2-0,Port Vale FC
45,Fri Apr 28 2000,Swindon Town FC,1-2,Barnsley FC
45,Fri Apr 28 2000,Queens Park Rangers FC,0-0,West Bromwich Albion FC
45,Fri Apr 28 2000,Walsall FC,1-0,Portsmouth FC
45,Fri Apr 28 2000,Charlton Athletic FC,1-3,Ipswich Town FC
45,Fri Apr 28 2000,Huddersfield Town AFC,0-2,Stockport County FC
45,Fri Apr 28 2000,Grimsby Town FC,1-2,Tranmere Rovers FC
45,Fri Apr 28 2000,Crystal Palace FC,2-1,Blackburn Rovers FC
45,Fri Apr 28 2000,Crewe Alexandra FC,1-3,Bolton Wanderers FC
45,Fri Apr 28 2000,Norwich City FC,2-1,Sheffield United FC
45,Sat Apr 29 2000,Wolverhampton Wanderers FC,3-0,Fulham FC
44,Tue May 2 2000,Bolton Wanderers FC,2-1,Wolverhampton Wanderers FC
46,Sat May 6 2000,West Bromwich Albion FC,2-0,Charlton Athletic FC
46,Sat May 6 2000,Tranmere Rovers FC,1-2,Crystal Palace FC
46,Sat May 6 2000,Stockport County FC,2-3,Nottingham Forest FC
46,Sat May 6 2000,Sheffield United FC,2-2,Swindon Town FC
46,Sat May 6 2000,Portsmouth FC,1-3,Queens Park Rangers FC
46,Sat May 6 2000,Port Vale FC,0-1,Wolverhampton Wanderers FC
46,Sat May 6 2000,Ipswich Town FC,2-0,Walsall FC
46,Sat May 6 2000,Fulham FC,3-0,Huddersfield Town AFC
46,Sat May 6 2000,Bolton Wanderers FC,1-0,Norwich City FC
46,Sat May 6 2000,Blackburn Rovers FC,1-4,Manchester City FC
46,Sat May 6 2000,Birmingham City FC,0-0,Grimsby Town FC
46,Sat May 6 2000,Barnsley FC,0-2,Crewe Alexandra FC
