Round,Date,Team 1,FT,Team 2
1,Sat Aug 11 2007,Wycombe Wanderers FC,0-1,Accrington Stanley FC
1,Sat Aug 11 2007,Stockport County FC,1-0,Dagenham & Redbridge FC
1,Sat Aug 11 2007,Peterborough United FC,3-0,Rochdale AFC
1,Sat Aug 11 2007,Milton Keynes Dons FC,1-2,Bury FC
1,Sat Aug 11 2007,Lincoln City FC,0-4,Shrewsbury Town FC
1,Sat Aug 11 2007,Hereford FC (2014-),0-0,Rotherham United FC
1,Sat Aug 11 2007,Grimsby Town FC,1-1,Notts County FC
1,Sat Aug 11 2007,Darlington FC,2-0,Wrexham AFC
1,Sat Aug 11 2007,Chester FC,0-0,Chesterfield FC
1,Sat Aug 11 2007,Brentford FC,1-1,Mansfield Town FC
1,Sat Aug 11 2007,Bradford City AFC,1-1,Macclesfield Town FC
1,Sat Aug 11 2007,Morecambe FC,0-0,Barnet FC
2,Sat Aug 18 2007,Wrexham AFC,2-1,Morecambe FC
2,Sat Aug 18 2007,Shrewsbury Town FC,1-0,Bradford City AFC
2,Sat Aug 18 2007,Rochdale AFC,1-2,Chester FC
2,Sat Aug 18 2007,Notts County FC,1-1,Brentford FC
2,Sat Aug 18 2007,Mansfield Town FC,1-3,Lincoln City FC
2,Sat Aug 18 2007,Macclesfield Town FC,3-3,Milton Keynes Dons FC
2,Sat Aug 18 2007,Dagenham & Redbridge FC,2-2,Wycombe Wanderers FC
2,Sat Aug 18 2007,Chesterfield FC,1-1,Stockport County FC
2,Sat Aug 18 2007,Bury FC,1-1,Grimsby Town FC
2,Sat Aug 18 2007,Barnet FC,1-2,Hereford FC (2014-)
2,Sat Aug 18 2007,Accrington Stanley FC,0-3,Darlington FC
2,Sun Aug 19 2007,Rotherham United FC,3-1,Peterborough United FC
3,Sat Aug 25 2007,Wycombe Wanderers FC,1-0,Bury FC
3,Sat Aug 25 2007,Stockport County FC,2-2,Rotherham United FC
3,Sat Aug 25 2007,Peterborough United FC,2-3,Chesterfield FC
3,Sat Aug 25 2007,Morecambe FC,3-1,Mansfield Town FC
3,Sat Aug 25 2007,Milton Keynes Dons FC,3-0,Shrewsbury Town FC
3,Sat Aug 25 2007,Lincoln City FC,2-0,Accrington Stanley FC
3,Sat Aug 25 2007,Hereford FC (2014-),1-1,Rochdale AFC
3,Sat Aug 25 2007,Grimsby Town FC,1-1,Macclesfield Town FC
3,Sat Aug 25 2007,Darlington FC,2-2,Notts County FC
3,Sat Aug 25 2007,Chester FC,4-0,Dagenham & Redbridge FC
3,Sat Aug 25 2007,Brentford FC,2-1,Barnet FC
3,Sat Aug 25 2007,Bradford City AFC,2-1,Wrexham AFC
4,Sat Sep 1 2007,Wrexham AFC,0-2,Hereford FC (2014-)
4,Sat Sep 1 2007,Shrewsbury Town FC,2-1,Grimsby Town FC
4,Sat Sep 1 2007,Rotherham United FC,1-1,Chester FC
4,Sat Sep 1 2007,Rochdale AFC,3-2,Milton Keynes Dons FC
4,Sat Sep 1 2007,Notts County FC,1-1,Morecambe FC
4,Sat Sep 1 2007,Accrington Stanley FC,0-2,Peterborough United FC
4,Sat Sep 1 2007,Macclesfield Town FC,0-0,Darlington FC
4,Sat Sep 1 2007,Dagenham & Redbridge FC,1-0,Lincoln City FC
4,Sat Sep 1 2007,Chesterfield FC,2-0,Wycombe Wanderers FC
4,Sat Sep 1 2007,Bury FC,1-2,Brentford FC
4,Sat Sep 1 2007,Barnet FC,2-1,Bradford City AFC
4,Sat Sep 1 2007,Mansfield Town FC,4-2,Stockport County FC
5,Fri Sep 7 2007,Milton Keynes Dons FC,3-0,Notts County FC
5,Fri Sep 7 2007,Lincoln City FC,1-2,Bradford City AFC
5,Fri Sep 7 2007,Chesterfield FC,3-1,Bury FC
5,Fri Sep 7 2007,Chester FC,0-1,Morecambe FC
5,Sat Sep 8 2007,Dagenham & Redbridge FC,1-1,Barnet FC
5,Sat Sep 8 2007,Accrington Stanley FC,4-1,Grimsby Town FC
5,Sat Sep 8 2007,Stockport County FC,1-1,Shrewsbury Town FC
5,Sat Sep 8 2007,Hereford FC (2014-),0-1,Macclesfield Town FC
5,Sat Sep 8 2007,Rotherham United FC,0-2,Darlington FC
5,Sun Sep 9 2007,Wycombe Wanderers FC,1-0,Brentford FC
5,Sun Sep 9 2007,Peterborough United FC,2-1,Mansfield Town FC
6,Sat Sep 15 2007,Mansfield Town FC,1-3,Chesterfield FC
6,Sat Sep 15 2007,Wrexham AFC,0-1,Rotherham United FC
6,Sat Sep 15 2007,Shrewsbury Town FC,2-0,Accrington Stanley FC
6,Sat Sep 15 2007,Notts County FC,1-0,Dagenham & Redbridge FC
6,Sat Sep 15 2007,Morecambe FC,0-3,Hereford FC (2014-)
6,Sat Sep 15 2007,Macclesfield Town FC,1-2,Wycombe Wanderers FC
6,Sat Sep 15 2007,Barnet FC,0-0,Rochdale AFC
6,Sat Sep 15 2007,Darlington FC,2-0,Lincoln City FC
6,Sat Sep 15 2007,Bury FC,0-2,Chester FC
6,Sat Sep 15 2007,Brentford FC,0-3,Milton Keynes Dons FC
6,Sat Sep 15 2007,Bradford City AFC,1-0,Peterborough United FC
6,Sat Sep 15 2007,Grimsby Town FC,1-1,Stockport County FC
7,Sat Sep 22 2007,Accrington Stanley FC,1-0,Mansfield Town FC
7,Sat Sep 22 2007,Wycombe Wanderers FC,1-1,Shrewsbury Town FC
7,Sat Sep 22 2007,Stockport County FC,2-1,Wrexham AFC
7,Sat Sep 22 2007,Rotherham United FC,1-1,Notts County FC
7,Sat Sep 22 2007,Rochdale AFC,1-1,Macclesfield Town FC
7,Sat Sep 22 2007,Peterborough United FC,1-1,Morecambe FC
7,Sat Sep 22 2007,Milton Keynes Dons FC,1-0,Darlington FC
7,Sat Sep 22 2007,Hereford FC (2014-),4-2,Bradford City AFC
7,Sat Sep 22 2007,Dagenham & Redbridge FC,1-1,Bury FC
7,Sat Sep 22 2007,Chesterfield FC,0-1,Barnet FC
7,Sat Sep 22 2007,Chester FC,0-2,Brentford FC
7,Sat Sep 22 2007,Lincoln City FC,1-2,Grimsby Town FC
8,Sat Sep 29 2007,Wrexham AFC,1-0,Lincoln City FC
8,Sat Sep 29 2007,Shrewsbury Town FC,3-4,Rochdale AFC
8,Sat Sep 29 2007,Notts County FC,1-0,Chesterfield FC
8,Sat Sep 29 2007,Morecambe FC,0-1,Milton Keynes Dons FC
8,Sat Sep 29 2007,Mansfield Town FC,0-1,Dagenham & Redbridge FC
8,Sat Sep 29 2007,Macclesfield Town FC,1-2,Chester FC
8,Sat Sep 29 2007,Grimsby Town FC,2-1,Hereford FC (2014-)
8,Sat Sep 29 2007,Darlington FC,1-1,Peterborough United FC
8,Sat Sep 29 2007,Bury FC,2-1,Accrington Stanley FC
8,Sat Sep 29 2007,Brentford FC,1-3,Stockport County FC
8,Sat Sep 29 2007,Bradford City AFC,0-1,Wycombe Wanderers FC
8,Sat Sep 29 2007,Barnet FC,2-0,Rotherham United FC
9,Tue Oct 2 2007,Darlington FC,1-1,Rochdale AFC
9,Tue Oct 2 2007,Wrexham AFC,0-4,Chesterfield FC
9,Tue Oct 2 2007,Shrewsbury Town FC,0-2,Peterborough United FC
9,Tue Oct 2 2007,Notts County FC,2-3,Hereford FC (2014-)
9,Tue Oct 2 2007,Morecambe FC,2-0,Stockport County FC
9,Tue Oct 2 2007,Barnet FC,2-1,Wycombe Wanderers FC
9,Tue Oct 2 2007,Macclesfield Town FC,1-1,Rotherham United FC
9,Tue Oct 2 2007,Grimsby Town FC,1-2,Chester FC
9,Tue Oct 2 2007,Bury FC,1-1,Lincoln City FC
9,Tue Oct 2 2007,Brentford FC,2-3,Dagenham & Redbridge FC
9,Tue Oct 2 2007,Bradford City AFC,0-3,Accrington Stanley FC
9,Tue Oct 2 2007,Mansfield Town FC,1-2,Milton Keynes Dons FC
10,Fri Oct 5 2007,Accrington Stanley FC,0-2,Wrexham AFC
10,Sat Oct 6 2007,Chesterfield FC,2-2,Macclesfield Town FC
10,Sat Oct 6 2007,Stockport County FC,2-4,Barnet FC
10,Sat Oct 6 2007,Rotherham United FC,3-2,Mansfield Town FC
10,Sat Oct 6 2007,Rochdale AFC,1-2,Bury FC
10,Sat Oct 6 2007,Wycombe Wanderers FC,3-1,Notts County FC
10,Sat Oct 6 2007,Milton Keynes Dons FC,2-1,Bradford City AFC
10,Sat Oct 6 2007,Lincoln City FC,1-1,Morecambe FC
10,Sat Oct 6 2007,Hereford FC (2014-),2-0,Brentford FC
10,Sat Oct 6 2007,Dagenham & Redbridge FC,0-3,Darlington FC
10,Sat Oct 6 2007,Peterborough United FC,2-1,Grimsby Town FC
10,Sun Oct 7 2007,Chester FC,3-1,Shrewsbury Town FC
11,Fri Oct 12 2007,Morecambe FC,2-1,Bradford City AFC
11,Fri Oct 12 2007,Grimsby Town FC,1-2,Rochdale AFC
11,Fri Oct 12 2007,Chester FC,1-1,Hereford FC (2014-)
11,Fri Oct 12 2007,Brentford FC,1-1,Rotherham United FC
11,Sat Oct 13 2007,Notts County FC,1-3,Bury FC
11,Sat Oct 13 2007,Shrewsbury Town FC,2-3,Chesterfield FC
11,Sat Oct 13 2007,Barnet FC,1-1,Mansfield Town FC
11,Sat Oct 13 2007,Macclesfield Town FC,3-2,Wrexham AFC
11,Sun Oct 14 2007,Dagenham & Redbridge FC,1-3,Accrington Stanley FC
11,Sun Oct 14 2007,Milton Keynes Dons FC,4-0,Lincoln City FC
11,Sun Oct 14 2007,Peterborough United FC,2-1,Wycombe Wanderers FC
11,Sun Oct 14 2007,Darlington FC,4-0,Stockport County FC
12,Fri Oct 19 2007,Accrington Stanley FC,3-2,Macclesfield Town FC
12,Sat Oct 20 2007,Rotherham United FC,3-1,Morecambe FC
12,Sat Oct 20 2007,Wycombe Wanderers FC,3-0,Grimsby Town FC
12,Sat Oct 20 2007,Wrexham AFC,0-2,Barnet FC
12,Sat Oct 20 2007,Stockport County FC,1-2,Chester FC
12,Sat Oct 20 2007,Lincoln City FC,1-1,Peterborough United FC
12,Sat Oct 20 2007,Rochdale AFC,1-1,Brentford FC
12,Sat Oct 20 2007,Mansfield Town FC,2-0,Notts County FC
12,Sat Oct 20 2007,Bradford City AFC,0-0,Darlington FC
12,Sat Oct 20 2007,Chesterfield FC,1-1,Dagenham & Redbridge FC
12,Sat Oct 20 2007,Bury FC,1-1,Shrewsbury Town FC
12,Sat Oct 20 2007,Hereford FC (2014-),0-1,Milton Keynes Dons FC
13,Sat Oct 27 2007,Shrewsbury Town FC,0-0,Mansfield Town FC
13,Sat Oct 27 2007,Peterborough United FC,1-1,Hereford FC (2014-)
13,Sat Oct 27 2007,Notts County FC,2-1,Wrexham AFC
13,Sat Oct 27 2007,Morecambe FC,1-1,Rochdale AFC
13,Sat Oct 27 2007,Milton Keynes Dons FC,0-2,Stockport County FC
13,Sat Oct 27 2007,Macclesfield Town FC,2-2,Bury FC
13,Sat Oct 27 2007,Grimsby Town FC,1-1,Bradford City AFC
13,Sat Oct 27 2007,Darlington FC,0-0,Chesterfield FC
13,Sat Oct 27 2007,Dagenham & Redbridge FC,0-2,Rotherham United FC
13,Sat Oct 27 2007,Chester FC,2-2,Wycombe Wanderers FC
13,Sat Oct 27 2007,Brentford FC,1-0,Lincoln City FC
13,Sat Oct 27 2007,Barnet FC,2-2,Accrington Stanley FC
14,Fri Nov 2 2007,Lincoln City FC,0-1,Chester FC
14,Sat Nov 3 2007,Accrington Stanley FC,0-2,Notts County FC
14,Sat Nov 3 2007,Stockport County FC,1-2,Peterborough United FC
14,Sat Nov 3 2007,Rotherham United FC,2-1,Grimsby Town FC
14,Sat Nov 3 2007,Rochdale AFC,1-0,Dagenham & Redbridge FC
14,Sat Nov 3 2007,Wycombe Wanderers FC,1-1,Milton Keynes Dons FC
14,Sat Nov 3 2007,Hereford FC (2014-),5-1,Darlington FC
14,Sat Nov 3 2007,Chesterfield FC,2-2,Morecambe FC
14,Sat Nov 3 2007,Bury FC,3-0,Barnet FC
14,Sat Nov 3 2007,Bradford City AFC,1-2,Brentford FC
14,Sat Nov 3 2007,Mansfield Town FC,5-0,Macclesfield Town FC
14,Sun Nov 4 2007,Wrexham AFC,0-1,Shrewsbury Town FC
15,Tue Nov 6 2007,Milton Keynes Dons FC,2-0,Grimsby Town FC
15,Tue Nov 6 2007,Rotherham United FC,2-1,Bury FC
15,Tue Nov 6 2007,Rochdale AFC,1-2,Stockport County FC
15,Tue Nov 6 2007,Peterborough United FC,3-1,Dagenham & Redbridge FC
15,Tue Nov 6 2007,Morecambe FC,0-1,Accrington Stanley FC
15,Tue Nov 6 2007,Darlington FC,2-0,Shrewsbury Town FC
15,Tue Nov 6 2007,Macclesfield Town FC,1-0,Brentford FC
15,Tue Nov 6 2007,Lincoln City FC,2-4,Chesterfield FC
15,Tue Nov 6 2007,Hereford FC (2014-),2-1,Mansfield Town FC
15,Tue Nov 6 2007,Bradford City AFC,2-1,Chester FC
15,Tue Nov 6 2007,Barnet FC,1-1,Notts County FC
15,Wed Nov 7 2007,Wrexham AFC,0-0,Wycombe Wanderers FC
16,Sat Nov 17 2007,Wycombe Wanderers FC,1-0,Lincoln City FC
16,Sat Nov 17 2007,Stockport County FC,2-3,Hereford FC (2014-)
16,Sat Nov 17 2007,Shrewsbury Town FC,1-0,Barnet FC
16,Sat Nov 17 2007,Notts County FC,0-1,Macclesfield Town FC
16,Sat Nov 17 2007,Grimsby Town FC,1-2,Morecambe FC
16,Sat Nov 17 2007,Dagenham & Redbridge FC,1-4,Bradford City AFC
16,Sat Nov 17 2007,Chester FC,0-2,Milton Keynes Dons FC
16,Sat Nov 17 2007,Bury FC,2-0,Peterborough United FC
16,Sat Nov 17 2007,Brentford FC,0-2,Darlington FC
16,Sat Nov 17 2007,Accrington Stanley FC,0-1,Rotherham United FC
17,Sat Nov 24 2007,Rotherham United FC,2-0,Shrewsbury Town FC
17,Sat Nov 24 2007,Rochdale AFC,1-0,Mansfield Town FC
17,Sat Nov 24 2007,Peterborough United FC,7-0,Brentford FC
17,Sat Nov 24 2007,Morecambe FC,2-1,Bury FC
17,Sat Nov 24 2007,Milton Keynes Dons FC,1-2,Chesterfield FC
17,Sat Nov 24 2007,Macclesfield Town FC,1-1,Dagenham & Redbridge FC
17,Sat Nov 24 2007,Lincoln City FC,2-1,Notts County FC
17,Sat Nov 24 2007,Barnet FC,0-3,Grimsby Town FC
17,Sat Nov 24 2007,Darlington FC,1-0,Wycombe Wanderers FC
17,Sat Nov 24 2007,Bradford City AFC,1-1,Stockport County FC
17,Sat Nov 24 2007,Hereford FC (2014-),0-0,Accrington Stanley FC
17,Sun Nov 25 2007,Wrexham AFC,2-2,Chester FC
5,Sat Dec 1 2007,Rochdale AFC,0-0,Wrexham AFC
18,Sat Dec 1 2007,Shrewsbury Town FC,2-0,Macclesfield Town FC
18,Tue Dec 4 2007,Notts County FC,0-1,Peterborough United FC
18,Tue Dec 4 2007,Stockport County FC,1-3,Lincoln City FC
18,Tue Dec 4 2007,Wycombe Wanderers FC,2-2,Hereford FC (2014-)
18,Tue Dec 4 2007,Brentford FC,0-1,Morecambe FC
18,Tue Dec 4 2007,Dagenham & Redbridge FC,0-1,Milton Keynes Dons FC
18,Tue Dec 4 2007,Chester FC,3-0,Barnet FC
18,Tue Dec 4 2007,Bury FC,0-1,Wrexham AFC
18,Tue Dec 4 2007,Grimsby Town FC,0-4,Darlington FC
18,Wed Dec 5 2007,Accrington Stanley FC,1-2,Rochdale AFC
18,Wed Dec 5 2007,Chesterfield FC,0-2,Rotherham United FC
18,Wed Dec 5 2007,Mansfield Town FC,0-0,Bradford City AFC
19,Sat Dec 8 2007,Stockport County FC,6-0,Wycombe Wanderers FC
19,Sat Dec 8 2007,Rotherham United FC,2-4,Rochdale AFC
19,Sat Dec 8 2007,Notts County FC,2-1,Shrewsbury Town FC
19,Sat Dec 8 2007,Milton Keynes Dons FC,5-0,Accrington Stanley FC
19,Sat Dec 8 2007,Hereford FC (2014-),3-1,Lincoln City FC
19,Sat Dec 8 2007,Dagenham & Redbridge FC,3-0,Wrexham AFC
19,Sat Dec 8 2007,Chesterfield FC,1-1,Bradford City AFC
19,Sat Dec 8 2007,Chester FC,1-2,Peterborough United FC
19,Sat Dec 8 2007,Brentford FC,0-1,Grimsby Town FC
19,Sat Dec 8 2007,Barnet FC,2-2,Macclesfield Town FC
20,Fri Dec 14 2007,Wycombe Wanderers FC,2-0,Morecambe FC
20,Sat Dec 15 2007,Accrington Stanley FC,2-1,Chesterfield FC
20,Sat Dec 15 2007,Shrewsbury Town FC,4-0,Dagenham & Redbridge FC
20,Sat Dec 15 2007,Peterborough United FC,1-2,Milton Keynes Dons FC
20,Sat Dec 15 2007,Wrexham AFC,1-3,Brentford FC
20,Sat Dec 15 2007,Lincoln City FC,4-1,Barnet FC
20,Sat Dec 15 2007,Grimsby Town FC,1-0,Mansfield Town FC
20,Sat Dec 15 2007,Bury FC,0-1,Hereford FC (2014-)
20,Sat Dec 15 2007,Macclesfield Town FC,0-2,Stockport County FC
21,Fri Dec 21 2007,Milton Keynes Dons FC,1-1,Brentford FC
21,Sat Dec 22 2007,Peterborough United FC,2-1,Bradford City AFC
21,Sat Dec 22 2007,Wycombe Wanderers FC,2-1,Macclesfield Town FC
21,Sat Dec 22 2007,Stockport County FC,1-1,Grimsby Town FC
21,Sat Dec 22 2007,Rotherham United FC,3-0,Wrexham AFC
21,Sat Dec 22 2007,Accrington Stanley FC,1-2,Shrewsbury Town FC
21,Sat Dec 22 2007,Lincoln City FC,0-4,Darlington FC
21,Sat Dec 22 2007,Hereford FC (2014-),0-3,Morecambe FC
21,Sat Dec 22 2007,Dagenham & Redbridge FC,1-1,Notts County FC
21,Sat Dec 22 2007,Chester FC,2-1,Bury FC
21,Sat Dec 22 2007,Chesterfield FC,2-0,Mansfield Town FC
22,Wed Dec 26 2007,Brentford FC,1-3,Wycombe Wanderers FC
22,Wed Dec 26 2007,Barnet FC,3-1,Dagenham & Redbridge FC
22,Wed Dec 26 2007,Darlington FC,1-1,Rotherham United FC
22,Wed Dec 26 2007,Shrewsbury Town FC,3-1,Stockport County FC
22,Wed Dec 26 2007,Notts County FC,1-2,Milton Keynes Dons FC
22,Wed Dec 26 2007,Morecambe FC,5-3,Chester FC
22,Wed Dec 26 2007,Mansfield Town FC,2-0,Peterborough United FC
22,Wed Dec 26 2007,Macclesfield Town FC,0-1,Hereford FC (2014-)
22,Wed Dec 26 2007,Grimsby Town FC,1-2,Accrington Stanley FC
22,Wed Dec 26 2007,Bury FC,0-1,Chesterfield FC
22,Wed Dec 26 2007,Bradford City AFC,2-1,Lincoln City FC
22,Wed Dec 26 2007,Wrexham AFC,0-2,Rochdale AFC
23,Sat Dec 29 2007,Grimsby Town FC,1-0,Lincoln City FC
23,Sat Dec 29 2007,Wrexham AFC,0-1,Stockport County FC
23,Sat Dec 29 2007,Shrewsbury Town FC,0-1,Wycombe Wanderers FC
23,Sat Dec 29 2007,Notts County FC,0-1,Rotherham United FC
23,Sat Dec 29 2007,Morecambe FC,3-2,Peterborough United FC
23,Sat Dec 29 2007,Mansfield Town FC,1-2,Accrington Stanley FC
23,Sat Dec 29 2007,Macclesfield Town FC,2-2,Rochdale AFC
23,Sat Dec 29 2007,Darlington FC,0-1,Milton Keynes Dons FC
23,Sat Dec 29 2007,Bury FC,0-2,Dagenham & Redbridge FC
23,Sat Dec 29 2007,Brentford FC,3-0,Chester FC
23,Sat Dec 29 2007,Bradford City AFC,1-3,Hereford FC (2014-)
23,Sat Dec 29 2007,Barnet FC,0-2,Chesterfield FC
24,Tue Jan 1 2008,Wycombe Wanderers FC,0-0,Barnet FC
24,Tue Jan 1 2008,Stockport County FC,2-1,Morecambe FC
24,Tue Jan 1 2008,Rotherham United FC,3-0,Macclesfield Town FC
24,Tue Jan 1 2008,Rochdale AFC,3-1,Darlington FC
24,Tue Jan 1 2008,Accrington Stanley FC,0-2,Bradford City AFC
24,Tue Jan 1 2008,Chester FC,0-2,Grimsby Town FC
24,Tue Jan 1 2008,Chesterfield FC,2-1,Wrexham AFC
24,Tue Jan 1 2008,Dagenham & Redbridge FC,1-2,Brentford FC
24,Tue Jan 1 2008,Peterborough United FC,2-1,Shrewsbury Town FC
24,Tue Jan 1 2008,Lincoln City FC,1-1,Bury FC
24,Tue Jan 1 2008,Milton Keynes Dons FC,1-0,Mansfield Town FC
24,Tue Jan 1 2008,Hereford FC (2014-),0-0,Notts County FC
25,Sat Jan 5 2008,Shrewsbury Town FC,0-1,Brentford FC
25,Sat Jan 5 2008,Rotherham United FC,0-1,Milton Keynes Dons FC
25,Sat Jan 5 2008,Rochdale AFC,0-2,Lincoln City FC
25,Sat Jan 5 2008,Notts County FC,1-2,Stockport County FC
25,Sat Jan 5 2008,Accrington Stanley FC,3-3,Chester FC
25,Sat Jan 5 2008,Chesterfield FC,1-2,Grimsby Town FC
25,Sat Jan 5 2008,Macclesfield Town FC,1-2,Morecambe FC
25,Tue Jan 8 2008,Mansfield Town FC,0-4,Wycombe Wanderers FC
26,Sat Jan 12 2008,Stockport County FC,2-0,Accrington Stanley FC
26,Sat Jan 12 2008,Wycombe Wanderers FC,0-1,Rochdale AFC
26,Sat Jan 12 2008,Peterborough United FC,0-1,Macclesfield Town FC
26,Sat Jan 12 2008,Morecambe FC,1-0,Dagenham & Redbridge FC
26,Sat Jan 12 2008,Milton Keynes Dons FC,0-1,Barnet FC
26,Sat Jan 12 2008,Lincoln City FC,1-3,Rotherham United FC
26,Sat Jan 12 2008,Grimsby Town FC,1-0,Wrexham AFC
26,Sat Jan 12 2008,Darlington FC,3-0,Bury FC
26,Sat Jan 12 2008,Chester FC,0-1,Mansfield Town FC
26,Sat Jan 12 2008,Brentford FC,2-1,Chesterfield FC
26,Sat Jan 12 2008,Bradford City AFC,3-0,Notts County FC
26,Sun Jan 13 2008,Hereford FC (2014-),3-1,Shrewsbury Town FC
19,Tue Jan 15 2008,Morecambe FC,0-3,Darlington FC
28,Tue Jan 15 2008,Peterborough United FC,8-2,Accrington Stanley FC
16,Wed Jan 16 2008,Chesterfield FC,3-4,Rochdale AFC
27,Sat Jan 19 2008,Wrexham AFC,1-0,Milton Keynes Dons FC
27,Sat Jan 19 2008,Shrewsbury Town FC,2-0,Morecambe FC
27,Sat Jan 19 2008,Rotherham United FC,1-1,Wycombe Wanderers FC
27,Sat Jan 19 2008,Notts County FC,1-0,Chester FC
27,Sat Jan 19 2008,Mansfield Town FC,0-1,Darlington FC
27,Sat Jan 19 2008,Dagenham & Redbridge FC,0-0,Grimsby Town FC
27,Mon Jan 21 2008,Chesterfield FC,4-0,Hereford FC (2014-)
25,Tue Jan 22 2008,Bury FC,2-2,Bradford City AFC
28,Sat Jan 26 2008,Morecambe FC,1-1,Notts County FC
28,Sat Jan 26 2008,Darlington FC,2-2,Macclesfield Town FC
28,Sat Jan 26 2008,Wycombe Wanderers FC,1-0,Chesterfield FC
28,Sat Jan 26 2008,Milton Keynes Dons FC,0-1,Rochdale AFC
28,Sat Jan 26 2008,Lincoln City FC,2-0,Dagenham & Redbridge FC
28,Sat Jan 26 2008,Grimsby Town FC,1-1,Shrewsbury Town FC
28,Sat Jan 26 2008,Chester FC,0-1,Rotherham United FC
32,Sat Jan 26 2008,Wrexham AFC,1-1,Bradford City AFC
29,Tue Jan 29 2008,Milton Keynes Dons FC,1-1,Macclesfield Town FC
29,Tue Jan 29 2008,Wycombe Wanderers FC,0-1,Dagenham & Redbridge FC
29,Tue Jan 29 2008,Stockport County FC,2-2,Chesterfield FC
29,Tue Jan 29 2008,Peterborough United FC,3-1,Rotherham United FC
29,Tue Jan 29 2008,Morecambe FC,2-2,Wrexham AFC
29,Tue Jan 29 2008,Darlington FC,1-0,Accrington Stanley FC
29,Tue Jan 29 2008,Lincoln City FC,1-2,Mansfield Town FC
29,Tue Jan 29 2008,Grimsby Town FC,1-0,Bury FC
29,Tue Jan 29 2008,Chester FC,0-4,Rochdale AFC
29,Tue Jan 29 2008,Brentford FC,0-0,Notts County FC
29,Tue Jan 29 2008,Bradford City AFC,4-2,Shrewsbury Town FC
29,Wed Jan 30 2008,Hereford FC (2014-),1-2,Barnet FC
30,Sat Feb 2 2008,Wrexham AFC,2-0,Darlington FC
30,Sat Feb 2 2008,Shrewsbury Town FC,1-2,Lincoln City FC
30,Sat Feb 2 2008,Rotherham United FC,0-1,Hereford FC (2014-)
30,Sat Feb 2 2008,Rochdale AFC,0-2,Peterborough United FC
30,Sat Feb 2 2008,Notts County FC,1-1,Grimsby Town FC
30,Sat Feb 2 2008,Mansfield Town FC,2-3,Brentford FC
30,Sat Feb 2 2008,Accrington Stanley FC,0-2,Wycombe Wanderers FC
30,Sat Feb 2 2008,Dagenham & Redbridge FC,0-1,Stockport County FC
30,Sat Feb 2 2008,Chesterfield FC,1-1,Chester FC
30,Sat Feb 2 2008,Bury FC,1-5,Milton Keynes Dons FC
30,Sat Feb 2 2008,Barnet FC,0-1,Morecambe FC
30,Sat Feb 2 2008,Macclesfield Town FC,0-1,Bradford City AFC
27,Tue Feb 5 2008,Macclesfield Town FC,1-2,Lincoln City FC
27,Tue Feb 5 2008,Bury FC,2-3,Stockport County FC
31,Sat Feb 9 2008,Milton Keynes Dons FC,1-1,Rotherham United FC
31,Sat Feb 9 2008,Stockport County FC,1-1,Notts County FC
31,Sat Feb 9 2008,Peterborough United FC,0-0,Wrexham AFC
31,Sat Feb 9 2008,Morecambe FC,0-1,Macclesfield Town FC
31,Sat Feb 9 2008,Wycombe Wanderers FC,1-2,Mansfield Town FC
31,Sat Feb 9 2008,Bradford City AFC,1-2,Bury FC
31,Sat Feb 9 2008,Hereford FC (2014-),4-1,Dagenham & Redbridge FC
31,Sat Feb 9 2008,Grimsby Town FC,4-2,Chesterfield FC
31,Sat Feb 9 2008,Darlington FC,1-0,Barnet FC
31,Sat Feb 9 2008,Chester FC,2-3,Accrington Stanley FC
31,Sat Feb 9 2008,Brentford FC,1-1,Shrewsbury Town FC
31,Sat Feb 9 2008,Lincoln City FC,2-1,Rochdale AFC
32,Tue Feb 12 2008,Shrewsbury Town FC,3-3,Milton Keynes Dons FC
32,Tue Feb 12 2008,Rotherham United FC,1-4,Stockport County FC
32,Tue Feb 12 2008,Rochdale AFC,2-4,Hereford FC (2014-)
32,Tue Feb 12 2008,Notts County FC,0-1,Darlington FC
32,Tue Feb 12 2008,Mansfield Town FC,1-2,Morecambe FC
32,Tue Feb 12 2008,Macclesfield Town FC,1-2,Grimsby Town FC
32,Tue Feb 12 2008,Dagenham & Redbridge FC,6-2,Chester FC
32,Tue Feb 12 2008,Bury FC,2-2,Wycombe Wanderers FC
32,Tue Feb 12 2008,Barnet FC,1-2,Brentford FC
32,Tue Feb 12 2008,Accrington Stanley FC,0-3,Lincoln City FC
32,Wed Feb 13 2008,Chesterfield FC,1-2,Peterborough United FC
33,Sat Feb 16 2008,Wycombe Wanderers FC,1-0,Rotherham United FC
33,Sat Feb 16 2008,Stockport County FC,1-2,Bury FC
33,Sat Feb 16 2008,Peterborough United FC,1-0,Barnet FC
33,Sat Feb 16 2008,Lincoln City FC,3-1,Macclesfield Town FC
33,Sat Feb 16 2008,Hereford FC (2014-),2-0,Chesterfield FC
33,Sat Feb 16 2008,Bradford City AFC,1-2,Rochdale AFC
33,Sat Feb 16 2008,Darlington FC,1-2,Mansfield Town FC
33,Sat Feb 16 2008,Chester FC,0-1,Notts County FC
33,Sat Feb 16 2008,Brentford FC,3-1,Accrington Stanley FC
33,Sat Feb 16 2008,Grimsby Town FC,1-4,Dagenham & Redbridge FC
34,Sat Feb 23 2008,Wrexham AFC,0-0,Grimsby Town FC
34,Sat Feb 23 2008,Shrewsbury Town FC,1-2,Hereford FC (2014-)
34,Sat Feb 23 2008,Rotherham United FC,3-2,Lincoln City FC
34,Sat Feb 23 2008,Rochdale AFC,0-1,Wycombe Wanderers FC
34,Sat Feb 23 2008,Notts County FC,1-3,Bradford City AFC
34,Sat Feb 23 2008,Mansfield Town FC,1-3,Chester FC
34,Sat Feb 23 2008,Macclesfield Town FC,0-3,Peterborough United FC
34,Sat Feb 23 2008,Dagenham & Redbridge FC,2-0,Morecambe FC
34,Sat Feb 23 2008,Chesterfield FC,1-0,Brentford FC
34,Sat Feb 23 2008,Bury FC,1-2,Darlington FC
34,Sat Feb 23 2008,Accrington Stanley FC,0-2,Stockport County FC
34,Sat Feb 23 2008,Barnet FC,0-2,Milton Keynes Dons FC
19,Tue Feb 26 2008,Mansfield Town FC,1-1,Bury FC
20,Tue Feb 26 2008,Bradford City AFC,3-2,Rotherham United FC
25,Tue Feb 26 2008,Wrexham AFC,0-2,Peterborough United FC
25,Tue Feb 26 2008,Dagenham & Redbridge FC,1-0,Hereford FC (2014-)
27,Tue Feb 26 2008,Accrington Stanley FC,1-0,Brentford FC
35,Sat Mar 1 2008,Peterborough United FC,1-0,Bury FC
35,Sat Mar 1 2008,Rotherham United FC,0-1,Accrington Stanley FC
35,Sat Mar 1 2008,Rochdale AFC,0-1,Chesterfield FC
35,Sat Mar 1 2008,Wrexham AFC,1-1,Mansfield Town FC
35,Sat Mar 1 2008,Morecambe FC,0-4,Grimsby Town FC
35,Sat Mar 1 2008,Milton Keynes Dons FC,1-0,Chester FC
35,Sat Mar 1 2008,Macclesfield Town FC,1-1,Notts County FC
35,Sat Mar 1 2008,Lincoln City FC,1-0,Wycombe Wanderers FC
35,Sat Mar 1 2008,Hereford FC (2014-),0-1,Stockport County FC
35,Sat Mar 1 2008,Darlington FC,3-1,Brentford FC
35,Sat Mar 1 2008,Barnet FC,4-1,Shrewsbury Town FC
35,Sat Mar 1 2008,Bradford City AFC,0-2,Dagenham & Redbridge FC
20,Tue Mar 4 2008,Darlington FC,1-0,Chester FC
27,Tue Mar 4 2008,Barnet FC,0-2,Peterborough United FC
28,Tue Mar 4 2008,Brentford FC,1-4,Bury FC
36,Fri Mar 7 2008,Grimsby Town FC,0-1,Milton Keynes Dons FC
36,Fri Mar 7 2008,Chesterfield FC,4-1,Lincoln City FC
36,Sat Mar 8 2008,Stockport County FC,2-1,Bradford City AFC
36,Sat Mar 8 2008,Wycombe Wanderers FC,2-0,Darlington FC
36,Sat Mar 8 2008,Shrewsbury Town FC,1-1,Rotherham United FC
36,Sat Mar 8 2008,Notts County FC,0-0,Barnet FC
36,Sat Mar 8 2008,Accrington Stanley FC,0-2,Hereford FC (2014-)
36,Sat Mar 8 2008,Dagenham & Redbridge FC,2-3,Peterborough United FC
36,Sat Mar 8 2008,Bury FC,2-1,Morecambe FC
36,Sat Mar 8 2008,Brentford FC,1-0,Macclesfield Town FC
36,Sat Mar 8 2008,Mansfield Town FC,0-4,Rochdale AFC
36,Sun Mar 9 2008,Chester FC,0-2,Wrexham AFC
37,Mon Mar 10 2008,Chesterfield FC,1-2,Milton Keynes Dons FC
37,Tue Mar 11 2008,Notts County FC,0-1,Lincoln City FC
37,Tue Mar 11 2008,Stockport County FC,2-0,Rochdale AFC
37,Tue Mar 11 2008,Shrewsbury Town FC,0-0,Darlington FC
37,Tue Mar 11 2008,Wycombe Wanderers FC,2-1,Wrexham AFC
37,Tue Mar 11 2008,Brentford FC,1-2,Peterborough United FC
37,Tue Mar 11 2008,Grimsby Town FC,4-1,Barnet FC
37,Tue Mar 11 2008,Dagenham & Redbridge FC,0-1,Macclesfield Town FC
37,Tue Mar 11 2008,Bury FC,3-0,Rotherham United FC
37,Tue Mar 11 2008,Mansfield Town FC,0-1,Hereford FC (2014-)
37,Wed Mar 12 2008,Accrington Stanley FC,3-2,Morecambe FC
37,Wed Mar 12 2008,Chester FC,0-1,Bradford City AFC
38,Sat Mar 15 2008,Wrexham AFC,2-1,Bury FC
38,Sat Mar 15 2008,Rotherham United FC,2-1,Chesterfield FC
38,Sat Mar 15 2008,Peterborough United FC,0-0,Notts County FC
38,Sat Mar 15 2008,Morecambe FC,3-1,Brentford FC
38,Sat Mar 15 2008,Milton Keynes Dons FC,4-0,Dagenham & Redbridge FC
38,Sat Mar 15 2008,Barnet FC,3-1,Chester FC
38,Sat Mar 15 2008,Lincoln City FC,0-1,Stockport County FC
38,Sat Mar 15 2008,Hereford FC (2014-),1-0,Wycombe Wanderers FC
38,Sat Mar 15 2008,Darlington FC,3-2,Grimsby Town FC
38,Sat Mar 15 2008,Bradford City AFC,1-2,Mansfield Town FC
38,Sat Mar 15 2008,Macclesfield Town FC,2-1,Shrewsbury Town FC
38,Sun Mar 16 2008,Rochdale AFC,4-1,Accrington Stanley FC
39,Fri Mar 21 2008,Stockport County FC,2-0,Macclesfield Town FC
39,Fri Mar 21 2008,Milton Keynes Dons FC,1-1,Peterborough United FC
39,Sat Mar 22 2008,Mansfield Town FC,1-2,Grimsby Town FC
39,Sat Mar 22 2008,Notts County FC,1-0,Rochdale AFC
39,Sat Mar 22 2008,Morecambe FC,0-1,Wycombe Wanderers FC
39,Sat Mar 22 2008,Rotherham United FC,1-1,Bradford City AFC
39,Sat Mar 22 2008,Hereford FC (2014-),0-0,Bury FC
39,Sat Mar 22 2008,Dagenham & Redbridge FC,1-1,Shrewsbury Town FC
39,Sat Mar 22 2008,Chesterfield FC,4-2,Accrington Stanley FC
39,Sat Mar 22 2008,Chester FC,2-1,Darlington FC
39,Sat Mar 22 2008,Brentford FC,2-0,Wrexham AFC
39,Sat Mar 22 2008,Barnet FC,5-2,Lincoln City FC
40,Mon Mar 24 2008,Wycombe Wanderers FC,0-0,Stockport County FC
40,Mon Mar 24 2008,Wrexham AFC,0-0,Dagenham & Redbridge FC
40,Mon Mar 24 2008,Shrewsbury Town FC,0-0,Notts County FC
40,Mon Mar 24 2008,Rochdale AFC,4-1,Rotherham United FC
40,Mon Mar 24 2008,Peterborough United FC,1-0,Chester FC
40,Mon Mar 24 2008,Macclesfield Town FC,3-0,Barnet FC
40,Mon Mar 24 2008,Lincoln City FC,2-1,Hereford FC (2014-)
40,Mon Mar 24 2008,Grimsby Town FC,1-2,Brentford FC
40,Mon Mar 24 2008,Darlington FC,2-2,Morecambe FC
40,Mon Mar 24 2008,Bury FC,2-0,Mansfield Town FC
40,Mon Mar 24 2008,Accrington Stanley FC,0-1,Milton Keynes Dons FC
40,Mon Mar 24 2008,Bradford City AFC,1-0,Chesterfield FC
41,Sat Mar 29 2008,Shrewsbury Town FC,0-1,Bury FC
41,Sat Mar 29 2008,Peterborough United FC,4-0,Lincoln City FC
41,Sat Mar 29 2008,Notts County FC,0-0,Mansfield Town FC
41,Sat Mar 29 2008,Morecambe FC,5-1,Rotherham United FC
41,Sat Mar 29 2008,Macclesfield Town FC,2-1,Accrington Stanley FC
41,Sat Mar 29 2008,Barnet FC,3-2,Wrexham AFC
41,Sat Mar 29 2008,Dagenham & Redbridge FC,0-3,Chesterfield FC
41,Sat Mar 29 2008,Brentford FC,0-2,Rochdale AFC
41,Sat Mar 29 2008,Darlington FC,1-3,Bradford City AFC
16,Tue Apr 1 2008,Mansfield Town FC,2-1,Wrexham AFC
25,Tue Apr 1 2008,Barnet FC,0-0,Darlington FC
27,Tue Apr 1 2008,Rochdale AFC,2-1,Bradford City AFC
42,Fri Apr 4 2008,Lincoln City FC,1-2,Milton Keynes Dons FC
42,Fri Apr 4 2008,Accrington Stanley FC,1-0,Dagenham & Redbridge FC
42,Sat Apr 5 2008,Bradford City AFC,1-0,Morecambe FC
42,Sat Apr 5 2008,Wrexham AFC,1-1,Macclesfield Town FC
42,Sat Apr 5 2008,Wycombe Wanderers FC,2-2,Peterborough United FC
42,Sat Apr 5 2008,Rotherham United FC,1-2,Brentford FC
42,Sat Apr 5 2008,Rochdale AFC,3-1,Grimsby Town FC
42,Sat Apr 5 2008,Mansfield Town FC,2-2,Barnet FC
42,Sat Apr 5 2008,Hereford FC (2014-),2-2,Chester FC
42,Sat Apr 5 2008,Chesterfield FC,4-1,Shrewsbury Town FC
42,Sat Apr 5 2008,Bury FC,2-1,Notts County FC
42,Sat Apr 5 2008,Stockport County FC,1-0,Darlington FC
20,Tue Apr 8 2008,Rochdale AFC,4-2,Notts County FC
28,Tue Apr 8 2008,Bradford City AFC,1-1,Barnet FC
33,Tue Apr 8 2008,Morecambe FC,1-1,Shrewsbury Town FC
33,Tue Apr 8 2008,Milton Keynes Dons FC,4-1,Wrexham AFC
28,Wed Apr 9 2008,Stockport County FC,2-1,Mansfield Town FC
43,Sat Apr 12 2008,Morecambe FC,1-1,Chesterfield FC
43,Sat Apr 12 2008,Notts County FC,1-0,Accrington Stanley FC
43,Sat Apr 12 2008,Peterborough United FC,0-1,Stockport County FC
43,Sat Apr 12 2008,Milton Keynes Dons FC,2-2,Wycombe Wanderers FC
43,Sat Apr 12 2008,Macclesfield Town FC,0-0,Mansfield Town FC
43,Sat Apr 12 2008,Grimsby Town FC,0-1,Rotherham United FC
43,Sat Apr 12 2008,Darlington FC,0-1,Hereford FC (2014-)
43,Sat Apr 12 2008,Dagenham & Redbridge FC,1-1,Rochdale AFC
43,Sat Apr 12 2008,Chester FC,1-2,Lincoln City FC
43,Sat Apr 12 2008,Brentford FC,2-2,Bradford City AFC
43,Sat Apr 12 2008,Barnet FC,3-0,Bury FC
43,Sun Apr 13 2008,Shrewsbury Town FC,3-0,Wrexham AFC
21,Tue Apr 15 2008,Rochdale AFC,3-0,Barnet FC
41,Tue Apr 15 2008,Milton Keynes Dons FC,0-0,Hereford FC (2014-)
41,Tue Apr 15 2008,Grimsby Town FC,0-1,Wycombe Wanderers FC
44,Sat Apr 19 2008,Rotherham United FC,2-1,Dagenham & Redbridge FC
44,Sat Apr 19 2008,Wrexham AFC,1-0,Notts County FC
44,Sat Apr 19 2008,Stockport County FC,2-3,Milton Keynes Dons FC
44,Sat Apr 19 2008,Wycombe Wanderers FC,1-0,Chester FC
44,Sat Apr 19 2008,Rochdale AFC,1-0,Morecambe FC
44,Sat Apr 19 2008,Mansfield Town FC,3-1,Shrewsbury Town FC
44,Sat Apr 19 2008,Lincoln City FC,3-1,Brentford FC
44,Sat Apr 19 2008,Hereford FC (2014-),0-1,Peterborough United FC
44,Sat Apr 19 2008,Chesterfield FC,1-1,Darlington FC
44,Sat Apr 19 2008,Accrington Stanley FC,0-2,Barnet FC
44,Sat Apr 19 2008,Bradford City AFC,2-1,Grimsby Town FC
44,Sat Apr 19 2008,Bury FC,1-0,Macclesfield Town FC
28,Tue Apr 22 2008,Hereford FC (2014-),2-0,Wrexham AFC
45,Sat Apr 26 2008,Macclesfield Town FC,1-0,Chesterfield FC
45,Sat Apr 26 2008,Shrewsbury Town FC,0-0,Chester FC
45,Sat Apr 26 2008,Notts County FC,1-0,Wycombe Wanderers FC
45,Sat Apr 26 2008,Morecambe FC,1-2,Lincoln City FC
45,Sat Apr 26 2008,Mansfield Town FC,0-1,Rotherham United FC
45,Sat Apr 26 2008,Wrexham AFC,1-3,Accrington Stanley FC
45,Sat Apr 26 2008,Grimsby Town FC,1-4,Peterborough United FC
45,Sat Apr 26 2008,Darlington FC,2-3,Dagenham & Redbridge FC
45,Sat Apr 26 2008,Bury FC,1-1,Rochdale AFC
45,Sat Apr 26 2008,Brentford FC,0-3,Hereford FC (2014-)
45,Sat Apr 26 2008,Bradford City AFC,1-2,Milton Keynes Dons FC
45,Sat Apr 26 2008,Barnet FC,2-1,Stockport County FC
41,Tue Apr 29 2008,Chester FC,0-0,Stockport County FC
46,Sat May 3 2008,Wycombe Wanderers FC,2-1,Bradford City AFC
46,Sat May 3 2008,Stockport County FC,1-0,Brentford FC
46,Sat May 3 2008,Rotherham United FC,1-0,Barnet FC
46,Sat May 3 2008,Rochdale AFC,1-1,Shrewsbury Town FC
46,Sat May 3 2008,Peterborough United FC,0-2,Darlington FC
46,Sat May 3 2008,Milton Keynes Dons FC,1-1,Morecambe FC
46,Sat May 3 2008,Lincoln City FC,2-4,Wrexham AFC
46,Sat May 3 2008,Hereford FC (2014-),2-0,Grimsby Town FC
46,Sat May 3 2008,Dagenham & Redbridge FC,2-0,Mansfield Town FC
46,Sat May 3 2008,Chesterfield FC,1-1,Notts County FC
46,Sat May 3 2008,Chester FC,0-0,Macclesfield Town FC
46,Sat May 3 2008,Accrington Stanley FC,0-2,Bury FC
