Round,Date,Team 1,FT,Team 2
1,Fri Aug 7 1998,Torquay United FC,0-1,Cambridge United FC
1,Fri Aug 7 1998,Swansea City FC,2-0,Exeter City FC
1,Fri Aug 7 1998,Shrewsbury Town FC,2-1,Scunthorpe United FC
1,Fri Aug 7 1998,Scarborough FC (1879-2007),1-2,Southend United FC
1,Fri Aug 7 1998,Rotherham United FC,3-1,Hull City AFC
1,Fri Aug 7 1998,Plymouth Argyle FC,2-1,Rochdale AFC
1,Fri Aug 7 1998,Peterborough United FC,0-2,FC Halifax Town
1,Fri Aug 7 1998,Hartlepool United FC,1-1,Cardiff City FC
1,Fri Aug 7 1998,Darlington FC,0-2,Barnet FC
1,Fri Aug 7 1998,Chester FC,0-2,Leyton Orient FC
1,Fri Aug 7 1998,Carlisle United FC,1-0,Brighton & Hove Albion FC
1,Fri Aug 7 1998,Brentford FC,3-0,Mansfield Town FC
2,Fri Aug 14 1998,Southend United FC,2-1,Shrewsbury Town FC
2,Fri Aug 14 1998,Scunthorpe United FC,3-1,Carlisle United FC
2,Fri Aug 14 1998,Rochdale AFC,0-2,Torquay United FC
2,Fri Aug 14 1998,Mansfield Town FC,2-0,Plymouth Argyle FC
2,Fri Aug 14 1998,Leyton Orient FC,1-4,Rotherham United FC
2,Fri Aug 14 1998,Barnet FC,0-2,Hartlepool United FC
2,Fri Aug 14 1998,FC Halifax Town,1-0,Brentford FC
2,Fri Aug 14 1998,Exeter City FC,1-0,Scarborough FC (1879-2007)
2,Fri Aug 14 1998,Cardiff City FC,1-3,Peterborough United FC
2,Fri Aug 14 1998,Cambridge United FC,2-1,Swansea City FC
2,Fri Aug 14 1998,Brighton & Hove Albion FC,2-2,Chester FC
2,Fri Aug 14 1998,Hull City AFC,1-2,Darlington FC
3,Thu Aug 20 1998,Shrewsbury Town FC,0-3,Cardiff City FC
3,Fri Aug 21 1998,Plymouth Argyle FC,2-0,Barnet FC
3,Fri Aug 21 1998,Swansea City FC,1-1,Leyton Orient FC
3,Fri Aug 21 1998,Scarborough FC (1879-2007),2-3,Mansfield Town FC
3,Fri Aug 21 1998,Rotherham United FC,2-0,Cambridge United FC
3,Fri Aug 21 1998,Torquay United FC,1-0,Exeter City FC
3,Fri Aug 21 1998,Peterborough United FC,1-1,Southend United FC
3,Fri Aug 21 1998,Hartlepool United FC,1-2,Scunthorpe United FC
3,Fri Aug 21 1998,Darlington FC,2-2,FC Halifax Town
3,Fri Aug 21 1998,Carlisle United FC,0-1,Rochdale AFC
3,Fri Aug 21 1998,Brentford FC,2-0,Brighton & Hove Albion FC
3,Sat Aug 22 1998,Chester FC,2-2,Hull City AFC
4,Thu Aug 27 1998,FC Halifax Town,2-0,Shrewsbury Town FC
4,Fri Aug 28 1998,Southend United FC,0-1,Chester FC
4,Fri Aug 28 1998,Scunthorpe United FC,0-2,Plymouth Argyle FC
4,Fri Aug 28 1998,Rochdale AFC,0-0,Darlington FC
4,Fri Aug 28 1998,Mansfield Town FC,1-0,Swansea City FC
4,Fri Aug 28 1998,Leyton Orient FC,0-3,Scarborough FC (1879-2007)
4,Fri Aug 28 1998,Hull City AFC,1-0,Peterborough United FC
4,Fri Aug 28 1998,Exeter City FC,2-0,Carlisle United FC
4,Fri Aug 28 1998,Cardiff City FC,0-1,Rotherham United FC
4,Fri Aug 28 1998,Cambridge United FC,1-2,Hartlepool United FC
4,Fri Aug 28 1998,Barnet FC,0-3,Brentford FC
4,Fri Aug 28 1998,Brighton & Hove Albion FC,2-0,Torquay United FC
5,Sun Aug 30 1998,Swansea City FC,1-2,Scunthorpe United FC
5,Sun Aug 30 1998,Shrewsbury Town FC,0-2,Barnet FC
5,Sun Aug 30 1998,Scarborough FC (1879-2007),1-2,Brighton & Hove Albion FC
5,Sun Aug 30 1998,Rotherham United FC,0-0,Mansfield Town FC
5,Sun Aug 30 1998,Plymouth Argyle FC,1-0,FC Halifax Town
5,Sun Aug 30 1998,Brentford FC,2-1,Rochdale AFC
5,Sun Aug 30 1998,Hartlepool United FC,1-0,Hull City AFC
5,Sun Aug 30 1998,Darlington FC,3-0,Cardiff City FC
5,Sun Aug 30 1998,Peterborough United FC,4-1,Exeter City FC
5,Mon Aug 31 1998,Torquay United FC,1-1,Leyton Orient FC
5,Mon Aug 31 1998,Chester FC,0-3,Cambridge United FC
5,Mon Aug 31 1998,Carlisle United FC,3-0,Southend United FC
6,Thu Sep 3 1998,FC Halifax Town,2-1,Hartlepool United FC
6,Fri Sep 4 1998,Mansfield Town FC,0-1,Darlington FC
6,Fri Sep 4 1998,Scunthorpe United FC,2-0,Torquay United FC
6,Fri Sep 4 1998,Rochdale AFC,1-0,Shrewsbury Town FC
6,Fri Sep 4 1998,Southend United FC,3-0,Rotherham United FC
6,Fri Sep 4 1998,Leyton Orient FC,2-1,Carlisle United FC
6,Fri Sep 4 1998,Hull City AFC,2-3,Brentford FC
6,Fri Sep 4 1998,Exeter City FC,0-1,Chester FC
6,Fri Sep 4 1998,Cardiff City FC,1-0,Plymouth Argyle FC
6,Fri Sep 4 1998,Cambridge United FC,2-3,Scarborough FC (1879-2007)
6,Fri Sep 4 1998,Barnet FC,1-9,Peterborough United FC
6,Fri Sep 4 1998,Brighton & Hove Albion FC,1-0,Swansea City FC
7,Mon Sep 7 1998,Torquay United FC,3-1,Brentford FC
7,Mon Sep 7 1998,Southend United FC,0-0,FC Halifax Town
7,Mon Sep 7 1998,Scunthorpe United FC,3-2,Cambridge United FC
7,Mon Sep 7 1998,Rotherham United FC,0-2,Plymouth Argyle FC
7,Mon Sep 7 1998,Peterborough United FC,3-0,Chester FC
7,Mon Sep 7 1998,Leyton Orient FC,1-1,Mansfield Town FC
7,Mon Sep 7 1998,Hull City AFC,2-1,Rochdale AFC
7,Mon Sep 7 1998,Exeter City FC,1-0,Brighton & Hove Albion FC
7,Mon Sep 7 1998,Darlington FC,2-0,Hartlepool United FC
7,Mon Sep 7 1998,Carlisle United FC,1-2,Swansea City FC
7,Mon Sep 7 1998,Cardiff City FC,1-0,Barnet FC
7,Tue Sep 8 1998,Scarborough FC (1879-2007),2-0,Shrewsbury Town FC
8,Thu Sep 10 1998,FC Halifax Town,1-2,Cardiff City FC
8,Fri Sep 11 1998,Barnet FC,4-1,Hull City AFC
8,Fri Sep 11 1998,Shrewsbury Town FC,1-1,Peterborough United FC
8,Fri Sep 11 1998,Rochdale AFC,2-2,Scunthorpe United FC
8,Fri Sep 11 1998,Plymouth Argyle FC,1-2,Darlington FC
8,Fri Sep 11 1998,Swansea City FC,2-0,Scarborough FC (1879-2007)
8,Fri Sep 11 1998,Hartlepool United FC,4-3,Exeter City FC
8,Fri Sep 11 1998,Chester FC,2-0,Torquay United FC
8,Fri Sep 11 1998,Cambridge United FC,1-0,Leyton Orient FC
8,Fri Sep 11 1998,Brighton & Hove Albion FC,0-2,Southend United FC
8,Fri Sep 11 1998,Brentford FC,0-3,Rotherham United FC
8,Fri Sep 11 1998,Mansfield Town FC,1-1,Carlisle United FC
9,Fri Sep 18 1998,Torquay United FC,1-1,Swansea City FC
9,Fri Sep 18 1998,Southend United FC,0-1,Cambridge United FC
9,Fri Sep 18 1998,Scunthorpe United FC,3-2,Mansfield Town FC
9,Fri Sep 18 1998,Scarborough FC (1879-2007),3-1,Brentford FC
9,Fri Sep 18 1998,Rotherham United FC,3-0,Hartlepool United FC
9,Fri Sep 18 1998,Peterborough United FC,0-2,Plymouth Argyle FC
9,Fri Sep 18 1998,Leyton Orient FC,1-0,Brighton & Hove Albion FC
9,Fri Sep 18 1998,Hull City AFC,1-2,FC Halifax Town
9,Fri Sep 18 1998,Exeter City FC,1-0,Barnet FC
9,Fri Sep 18 1998,Darlington FC,1-0,Shrewsbury Town FC
9,Fri Sep 18 1998,Cardiff City FC,2-1,Rochdale AFC
9,Fri Sep 18 1998,Carlisle United FC,1-1,Chester FC
10,Fri Sep 25 1998,Swansea City FC,3-1,Southend United FC
10,Fri Sep 25 1998,Shrewsbury Town FC,1-1,Carlisle United FC
10,Fri Sep 25 1998,Rochdale AFC,2-1,Leyton Orient FC
10,Fri Sep 25 1998,Plymouth Argyle FC,0-0,Scarborough FC (1879-2007)
10,Fri Sep 25 1998,Mansfield Town FC,2-0,Hull City AFC
10,Fri Sep 25 1998,Hartlepool United FC,1-2,Peterborough United FC
10,Fri Sep 25 1998,FC Halifax Town,1-1,Torquay United FC
10,Fri Sep 25 1998,Chester FC,2-2,Cardiff City FC
10,Fri Sep 25 1998,Cambridge United FC,1-1,Exeter City FC
10,Fri Sep 25 1998,Brighton & Hove Albion FC,1-3,Scunthorpe United FC
10,Fri Sep 25 1998,Brentford FC,3-0,Darlington FC
10,Fri Sep 25 1998,Barnet FC,4-2,Rotherham United FC
11,Fri Oct 2 1998,Torquay United FC,1-1,Plymouth Argyle FC
11,Fri Oct 2 1998,Southend United FC,1-1,Rochdale AFC
11,Fri Oct 2 1998,Scunthorpe United FC,0-4,FC Halifax Town
11,Fri Oct 2 1998,Scarborough FC (1879-2007),2-4,Chester FC
11,Fri Oct 2 1998,Cardiff City FC,2-0,Brighton & Hove Albion FC
11,Fri Oct 2 1998,Peterborough United FC,2-4,Brentford FC
11,Fri Oct 2 1998,Leyton Orient FC,1-1,Hartlepool United FC
11,Fri Oct 2 1998,Hull City AFC,0-3,Cambridge United FC
11,Fri Oct 2 1998,Exeter City FC,2-1,Mansfield Town FC
11,Fri Oct 2 1998,Darlington FC,2-2,Swansea City FC
11,Fri Oct 2 1998,Carlisle United FC,2-1,Barnet FC
11,Fri Oct 2 1998,Rotherham United FC,0-1,Shrewsbury Town FC
12,Thu Oct 8 1998,Swansea City FC,1-1,Rotherham United FC
12,Thu Oct 8 1998,Mansfield Town FC,2-1,Torquay United FC
12,Thu Oct 8 1998,Leyton Orient FC,2-0,Exeter City FC
12,Thu Oct 8 1998,Hull City AFC,1-2,Cardiff City FC
12,Thu Oct 8 1998,Cambridge United FC,2-3,Brighton & Hove Albion FC
12,Thu Oct 8 1998,Carlisle United FC,1-0,Scarborough FC (1879-2007)
12,Fri Oct 9 1998,Scunthorpe United FC,1-1,Southend United FC
12,Fri Oct 9 1998,Hartlepool United FC,1-1,Shrewsbury Town FC
12,Fri Oct 9 1998,Darlington FC,3-0,Peterborough United FC
12,Sat Oct 10 1998,Rochdale AFC,1-0,FC Halifax Town
12,Sat Oct 10 1998,Barnet FC,0-0,Chester FC
13,Thu Oct 15 1998,FC Halifax Town,1-1,Barnet FC
13,Fri Oct 16 1998,Scarborough FC (1879-2007),1-2,Hull City AFC
13,Fri Oct 16 1998,Southend United FC,2-2,Leyton Orient FC
13,Fri Oct 16 1998,Shrewsbury Town FC,2-1,Plymouth Argyle FC
13,Fri Oct 16 1998,Torquay United FC,2-2,Carlisle United FC
13,Fri Oct 16 1998,Rotherham United FC,3-1,Darlington FC
13,Fri Oct 16 1998,Peterborough United FC,2-0,Rochdale AFC
13,Fri Oct 16 1998,Exeter City FC,2-2,Scunthorpe United FC
13,Fri Oct 16 1998,Chester FC,1-1,Swansea City FC
13,Fri Oct 16 1998,Cardiff City FC,0-1,Cambridge United FC
13,Fri Oct 16 1998,Brentford FC,3-1,Hartlepool United FC
13,Fri Oct 16 1998,Brighton & Hove Albion FC,1-3,Mansfield Town FC
14,Mon Oct 19 1998,Torquay United FC,2-2,Darlington FC
14,Mon Oct 19 1998,Southend United FC,1-2,Mansfield Town FC
14,Mon Oct 19 1998,Shrewsbury Town FC,1-0,Swansea City FC
14,Mon Oct 19 1998,Rotherham United FC,2-2,Rochdale AFC
14,Mon Oct 19 1998,Peterborough United FC,0-1,Carlisle United FC
14,Mon Oct 19 1998,FC Halifax Town,3-3,Cambridge United FC
14,Mon Oct 19 1998,Exeter City FC,3-0,Hull City AFC
14,Mon Oct 19 1998,Brentford FC,2-1,Scunthorpe United FC
14,Mon Oct 19 1998,Cardiff City FC,0-0,Leyton Orient FC
14,Mon Oct 19 1998,Brighton & Hove Albion FC,1-3,Plymouth Argyle FC
14,Mon Oct 19 1998,Chester FC,1-1,Hartlepool United FC
14,Tue Oct 20 1998,Scarborough FC (1879-2007),0-0,Barnet FC
15,Fri Oct 23 1998,Hull City AFC,1-1,Southend United FC
15,Fri Oct 23 1998,Leyton Orient FC,1-0,FC Halifax Town
15,Fri Oct 23 1998,Scunthorpe United FC,4-3,Rotherham United FC
15,Fri Oct 23 1998,Hartlepool United FC,4-1,Torquay United FC
15,Fri Oct 23 1998,Cambridge United FC,0-0,Shrewsbury Town FC
15,Fri Oct 23 1998,Barnet FC,0-1,Brighton & Hove Albion FC
16,Fri Oct 30 1998,Scarborough FC (1879-2007),1-1,Torquay United FC
16,Fri Oct 30 1998,Southend United FC,2-1,Darlington FC
16,Fri Oct 30 1998,Plymouth Argyle FC,0-0,Hull City AFC
16,Fri Oct 30 1998,Peterborough United FC,2-4,Rotherham United FC
16,Fri Oct 30 1998,Mansfield Town FC,1-3,Cambridge United FC
16,Fri Oct 30 1998,Leyton Orient FC,1-0,Scunthorpe United FC
16,Fri Oct 30 1998,FC Halifax Town,2-0,Swansea City FC
16,Fri Oct 30 1998,Barnet FC,0-1,Rochdale AFC
16,Fri Oct 30 1998,Cardiff City FC,1-0,Exeter City FC
16,Fri Oct 30 1998,Brighton & Hove Albion FC,3-2,Hartlepool United FC
16,Fri Oct 30 1998,Chester FC,1-1,Shrewsbury Town FC
12,Mon Nov 2 1998,Plymouth Argyle FC,3-0,Brentford FC
17,Fri Nov 6 1998,Torquay United FC,0-0,Cardiff City FC
17,Fri Nov 6 1998,Swansea City FC,0-0,Peterborough United FC
17,Fri Nov 6 1998,Shrewsbury Town FC,2-0,Brentford FC
17,Fri Nov 6 1998,Scunthorpe United FC,2-1,Chester FC
17,Fri Nov 6 1998,Rotherham United FC,4-0,Scarborough FC (1879-2007)
17,Fri Nov 6 1998,Rochdale AFC,1-0,Mansfield Town FC
17,Fri Nov 6 1998,Hull City AFC,0-1,Leyton Orient FC
17,Fri Nov 6 1998,Hartlepool United FC,2-0,Plymouth Argyle FC
17,Fri Nov 6 1998,Exeter City FC,2-1,Southend United FC
17,Fri Nov 6 1998,Darlington FC,1-2,Brighton & Hove Albion FC
17,Fri Nov 6 1998,Cambridge United FC,3-2,Barnet FC
17,Fri Nov 6 1998,Carlisle United FC,0-1,FC Halifax Town
18,Mon Nov 9 1998,Shrewsbury Town FC,1-1,Leyton Orient FC
18,Mon Nov 9 1998,Rotherham United FC,2-2,Torquay United FC
18,Mon Nov 9 1998,Rochdale AFC,1-1,Exeter City FC
18,Mon Nov 9 1998,Plymouth Argyle FC,1-2,Swansea City FC
18,Mon Nov 9 1998,Barnet FC,1-0,Scunthorpe United FC
18,Mon Nov 9 1998,Hull City AFC,0-2,Brighton & Hove Albion FC
18,Mon Nov 9 1998,Hartlepool United FC,1-2,Mansfield Town FC
18,Mon Nov 9 1998,FC Halifax Town,3-2,Chester FC
18,Mon Nov 9 1998,Cardiff City FC,1-0,Scarborough FC (1879-2007)
18,Mon Nov 9 1998,Brentford FC,4-1,Southend United FC
18,Mon Nov 9 1998,Peterborough United FC,2-1,Cambridge United FC
15,Mon Nov 16 1998,Rochdale AFC,0-1,Scarborough FC (1879-2007)
19,Thu Nov 19 1998,Mansfield Town FC,5-0,Barnet FC
19,Fri Nov 20 1998,Scarborough FC (1879-2007),1-2,Hartlepool United FC
19,Fri Nov 20 1998,Brighton & Hove Albion FC,0-1,FC Halifax Town
19,Fri Nov 20 1998,Scunthorpe United FC,3-2,Hull City AFC
19,Fri Nov 20 1998,Torquay United FC,0-1,Peterborough United FC
19,Fri Nov 20 1998,Leyton Orient FC,2-1,Brentford FC
19,Fri Nov 20 1998,Exeter City FC,0-1,Shrewsbury Town FC
19,Fri Nov 20 1998,Chester FC,1-1,Rochdale AFC
19,Fri Nov 20 1998,Carlisle United FC,0-0,Rotherham United FC
19,Fri Nov 20 1998,Cambridge United FC,2-1,Darlington FC
19,Fri Nov 20 1998,Southend United FC,1-0,Plymouth Argyle FC
19,Sat Nov 21 1998,Swansea City FC,2-1,Cardiff City FC
20,Thu Nov 26 1998,FC Halifax Town,2-2,Mansfield Town FC
20,Fri Nov 27 1998,Peterborough United FC,2-1,Scunthorpe United FC
20,Fri Nov 27 1998,Rotherham United FC,0-0,Exeter City FC
20,Fri Nov 27 1998,Plymouth Argyle FC,2-4,Leyton Orient FC
20,Fri Nov 27 1998,Shrewsbury Town FC,1-3,Brighton & Hove Albion FC
20,Fri Nov 27 1998,Barnet FC,3-1,Torquay United FC
20,Fri Nov 27 1998,Hartlepool United FC,1-2,Swansea City FC
20,Fri Nov 27 1998,Darlington FC,3-0,Scarborough FC (1879-2007)
20,Fri Nov 27 1998,Cardiff City FC,2-0,Southend United FC
20,Fri Nov 27 1998,Brentford FC,2-1,Chester FC
20,Fri Nov 27 1998,Hull City AFC,1-0,Carlisle United FC
15,Mon Nov 30 1998,Carlisle United FC,0-1,Cardiff City FC
15,Mon Nov 30 1998,Mansfield Town FC,1-0,Peterborough United FC
21,Thu Dec 10 1998,Mansfield Town FC,1-0,Shrewsbury Town FC
21,Fri Dec 11 1998,Scarborough FC (1879-2007),1-0,FC Halifax Town
21,Fri Dec 11 1998,Swansea City FC,1-1,Rochdale AFC
21,Fri Dec 11 1998,Southend United FC,2-3,Barnet FC
21,Fri Dec 11 1998,Brighton & Hove Albion FC,4-1,Rotherham United FC
21,Fri Dec 11 1998,Torquay United FC,2-0,Hull City AFC
21,Fri Dec 11 1998,Leyton Orient FC,1-2,Peterborough United FC
21,Fri Dec 11 1998,Exeter City FC,0-1,Brentford FC
21,Fri Dec 11 1998,Chester FC,1-0,Darlington FC
21,Fri Dec 11 1998,Carlisle United FC,2-1,Hartlepool United FC
21,Fri Dec 11 1998,Cambridge United FC,1-0,Plymouth Argyle FC
21,Fri Dec 11 1998,Scunthorpe United FC,0-2,Cardiff City FC
22,Thu Dec 17 1998,Shrewsbury Town FC,1-2,Torquay United FC
22,Thu Dec 17 1998,Rotherham United FC,2-4,Chester FC
22,Thu Dec 17 1998,Brentford FC,1-0,Cambridge United FC
22,Fri Dec 18 1998,Peterborough United FC,3-1,Scarborough FC (1879-2007)
22,Fri Dec 18 1998,Barnet FC,3-2,Leyton Orient FC
22,Fri Dec 18 1998,Rochdale AFC,2-1,Brighton & Hove Albion FC
22,Fri Dec 18 1998,Hull City AFC,0-2,Swansea City FC
22,Fri Dec 18 1998,Hartlepool United FC,2-4,Southend United FC
22,Fri Dec 18 1998,FC Halifax Town,1-1,Exeter City FC
22,Fri Dec 18 1998,Darlington FC,3-1,Scunthorpe United FC
22,Fri Dec 18 1998,Cardiff City FC,4-2,Mansfield Town FC
22,Fri Dec 18 1998,Plymouth Argyle FC,2-0,Carlisle United FC
23,Fri Dec 25 1998,Southend United FC,2-0,Peterborough United FC
23,Fri Dec 25 1998,Scunthorpe United FC,1-0,Hartlepool United FC
23,Fri Dec 25 1998,Rochdale AFC,1-1,Carlisle United FC
23,Fri Dec 25 1998,Mansfield Town FC,3-2,Scarborough FC (1879-2007)
23,Fri Dec 25 1998,Leyton Orient FC,1-1,Swansea City FC
23,Fri Dec 25 1998,Hull City AFC,1-2,Chester FC
23,Fri Dec 25 1998,FC Halifax Town,0-0,Darlington FC
23,Fri Dec 25 1998,Exeter City FC,1-1,Torquay United FC
23,Fri Dec 25 1998,Cardiff City FC,3-0,Shrewsbury Town FC
23,Fri Dec 25 1998,Cambridge United FC,3-2,Rotherham United FC
23,Fri Dec 25 1998,Brighton & Hove Albion FC,3-1,Brentford FC
23,Fri Dec 25 1998,Barnet FC,1-1,Plymouth Argyle FC
24,Sun Dec 27 1998,Brentford FC,1-0,Cardiff City FC
24,Sun Dec 27 1998,Carlisle United FC,1-1,Cambridge United FC
24,Sun Dec 27 1998,Chester FC,1-1,Mansfield Town FC
24,Sun Dec 27 1998,Darlington FC,1-1,Leyton Orient FC
24,Sun Dec 27 1998,Hartlepool United FC,0-1,Rochdale AFC
24,Sun Dec 27 1998,Peterborough United FC,1-2,Brighton & Hove Albion FC
24,Sun Dec 27 1998,Torquay United FC,2-0,Southend United FC
24,Sun Dec 27 1998,Rotherham United FC,3-1,FC Halifax Town
24,Sun Dec 27 1998,Scarborough FC (1879-2007),1-4,Scunthorpe United FC
24,Sun Dec 27 1998,Shrewsbury Town FC,3-2,Hull City AFC
24,Sun Dec 27 1998,Swansea City FC,2-1,Barnet FC
24,Sun Dec 27 1998,Plymouth Argyle FC,1-0,Exeter City FC
25,Fri Jan 1 1999,Torquay United FC,1-1,Brighton & Hove Albion FC
25,Fri Jan 1 1999,Shrewsbury Town FC,2-2,FC Halifax Town
25,Fri Jan 1 1999,Hartlepool United FC,2-2,Cambridge United FC
25,Fri Jan 1 1999,Darlington FC,3-0,Rochdale AFC
25,Fri Jan 1 1999,Chester FC,1-1,Southend United FC
25,Fri Jan 1 1999,Carlisle United FC,1-3,Exeter City FC
25,Fri Jan 1 1999,Brentford FC,3-1,Barnet FC
26,Fri Jan 8 1999,Rochdale AFC,1-1,Plymouth Argyle FC
26,Fri Jan 8 1999,Scunthorpe United FC,3-0,Shrewsbury Town FC
26,Fri Jan 8 1999,Southend United FC,1-0,Scarborough FC (1879-2007)
26,Fri Jan 8 1999,Mansfield Town FC,3-1,Brentford FC
26,Fri Jan 8 1999,Leyton Orient FC,2-2,Chester FC
26,Fri Jan 8 1999,Hull City AFC,1-0,Rotherham United FC
26,Fri Jan 8 1999,FC Halifax Town,2-2,Peterborough United FC
26,Fri Jan 8 1999,Exeter City FC,4-0,Swansea City FC
26,Fri Jan 8 1999,Cardiff City FC,4-1,Hartlepool United FC
26,Fri Jan 8 1999,Cambridge United FC,2-0,Torquay United FC
26,Fri Jan 8 1999,Brighton & Hove Albion FC,1-3,Carlisle United FC
26,Fri Jan 8 1999,Barnet FC,3-0,Darlington FC
27,Thu Jan 14 1999,Chester FC,1-1,Brighton & Hove Albion FC
27,Fri Jan 15 1999,Rotherham United FC,3-1,Leyton Orient FC
27,Fri Jan 15 1999,Shrewsbury Town FC,3-1,Southend United FC
27,Fri Jan 15 1999,Scarborough FC (1879-2007),1-0,Exeter City FC
27,Fri Jan 15 1999,Torquay United FC,2-1,Rochdale AFC
27,Fri Jan 15 1999,Plymouth Argyle FC,3-0,Mansfield Town FC
27,Fri Jan 15 1999,Peterborough United FC,2-1,Cardiff City FC
27,Fri Jan 15 1999,Hartlepool United FC,2-2,Barnet FC
27,Fri Jan 15 1999,Carlisle United FC,0-1,Scunthorpe United FC
28,Thu Jan 21 1999,Mansfield Town FC,0-3,Rotherham United FC
28,Fri Jan 22 1999,Southend United FC,0-1,Carlisle United FC
28,Fri Jan 22 1999,Rochdale AFC,2-0,Brentford FC
28,Fri Jan 22 1999,Hull City AFC,4-0,Hartlepool United FC
28,Fri Jan 22 1999,FC Halifax Town,2-0,Plymouth Argyle FC
28,Fri Jan 22 1999,Exeter City FC,2-0,Peterborough United FC
28,Fri Jan 22 1999,Cardiff City FC,3-2,Darlington FC
28,Fri Jan 22 1999,Cambridge United FC,2-1,Chester FC
28,Fri Jan 22 1999,Brighton & Hove Albion FC,1-0,Scarborough FC (1879-2007)
28,Fri Jan 22 1999,Barnet FC,2-2,Shrewsbury Town FC
25,Mon Jan 25 1999,Peterborough United FC,1-1,Hull City AFC
29,Fri Jan 29 1999,Southend United FC,0-0,Torquay United FC
29,Fri Jan 29 1999,Scunthorpe United FC,5-1,Scarborough FC (1879-2007)
29,Fri Jan 29 1999,Rochdale AFC,0-1,Hartlepool United FC
29,Fri Jan 29 1999,Mansfield Town FC,3-0,Chester FC
29,Fri Jan 29 1999,Leyton Orient FC,3-2,Darlington FC
29,Fri Jan 29 1999,Hull City AFC,1-1,Shrewsbury Town FC
29,Fri Jan 29 1999,FC Halifax Town,2-4,Rotherham United FC
29,Fri Jan 29 1999,Exeter City FC,1-1,Plymouth Argyle FC
29,Fri Jan 29 1999,Cardiff City FC,4-1,Brentford FC
29,Fri Jan 29 1999,Cambridge United FC,1-0,Carlisle United FC
29,Fri Jan 29 1999,Brighton & Hove Albion FC,1-0,Peterborough United FC
29,Fri Jan 29 1999,Barnet FC,0-1,Swansea City FC
16,Mon Feb 1 1999,Brentford FC,1-1,Carlisle United FC
30,Thu Feb 4 1999,Swansea City FC,2-2,Brighton & Hove Albion FC
30,Fri Feb 5 1999,Plymouth Argyle FC,1-1,Cardiff City FC
30,Fri Feb 5 1999,Shrewsbury Town FC,3-2,Rochdale AFC
30,Fri Feb 5 1999,Scarborough FC (1879-2007),1-5,Cambridge United FC
30,Fri Feb 5 1999,Brentford FC,0-2,Hull City AFC
30,Fri Feb 5 1999,Torquay United FC,1-0,Scunthorpe United FC
30,Fri Feb 5 1999,Peterborough United FC,5-2,Barnet FC
30,Fri Feb 5 1999,Hartlepool United FC,2-0,FC Halifax Town
30,Fri Feb 5 1999,Darlington FC,5-1,Mansfield Town FC
30,Fri Feb 5 1999,Chester FC,0-0,Exeter City FC
30,Fri Feb 5 1999,Carlisle United FC,1-1,Leyton Orient FC
30,Fri Feb 5 1999,Rotherham United FC,2-2,Southend United FC
31,Fri Feb 12 1999,Swansea City FC,1-1,Carlisle United FC
31,Fri Feb 12 1999,Shrewsbury Town FC,3-1,Scarborough FC (1879-2007)
31,Fri Feb 12 1999,Rochdale AFC,3-0,Hull City AFC
31,Fri Feb 12 1999,Plymouth Argyle FC,1-0,Rotherham United FC
31,Fri Feb 12 1999,Mansfield Town FC,1-2,Leyton Orient FC
31,Fri Feb 12 1999,Hartlepool United FC,2-3,Darlington FC
31,Fri Feb 12 1999,FC Halifax Town,3-1,Southend United FC
31,Fri Feb 12 1999,Chester FC,1-0,Peterborough United FC
31,Fri Feb 12 1999,Cambridge United FC,0-0,Scunthorpe United FC
31,Fri Feb 12 1999,Barnet FC,1-0,Cardiff City FC
31,Fri Feb 12 1999,Brentford FC,3-2,Torquay United FC
31,Fri Feb 12 1999,Brighton & Hove Albion FC,0-1,Exeter City FC
15,Mon Feb 15 1999,Swansea City FC,2-1,Brentford FC
27,Mon Feb 15 1999,Darlington FC,0-3,Hull City AFC
32,Thu Feb 18 1999,Cardiff City FC,1-1,FC Halifax Town
32,Fri Feb 19 1999,Scarborough FC (1879-2007),2-1,Swansea City FC
32,Fri Feb 19 1999,Southend United FC,3-0,Brighton & Hove Albion FC
32,Fri Feb 19 1999,Scunthorpe United FC,0-1,Rochdale AFC
32,Fri Feb 19 1999,Torquay United FC,0-3,Chester FC
32,Fri Feb 19 1999,Rotherham United FC,2-4,Brentford FC
32,Fri Feb 19 1999,Peterborough United FC,2-2,Shrewsbury Town FC
32,Fri Feb 19 1999,Leyton Orient FC,2-0,Cambridge United FC
32,Fri Feb 19 1999,Hull City AFC,1-1,Barnet FC
32,Fri Feb 19 1999,Exeter City FC,2-1,Hartlepool United FC
32,Fri Feb 19 1999,Darlington FC,1-2,Plymouth Argyle FC
32,Fri Feb 19 1999,Carlisle United FC,0-0,Mansfield Town FC
15,Mon Feb 22 1999,Plymouth Argyle FC,2-0,Chester FC
25,Mon Feb 22 1999,Swansea City FC,1-0,Mansfield Town FC
33,Fri Feb 26 1999,Mansfield Town FC,2-1,Scunthorpe United FC
33,Fri Feb 26 1999,Shrewsbury Town FC,3-0,Darlington FC
33,Fri Feb 26 1999,Barnet FC,0-1,Exeter City FC
33,Fri Feb 26 1999,Plymouth Argyle FC,0-2,Peterborough United FC
33,Fri Feb 26 1999,Swansea City FC,0-0,Torquay United FC
33,Fri Feb 26 1999,Hartlepool United FC,0-0,Rotherham United FC
33,Fri Feb 26 1999,FC Halifax Town,0-1,Hull City AFC
33,Fri Feb 26 1999,Chester FC,2-1,Carlisle United FC
33,Fri Feb 26 1999,Cambridge United FC,3-0,Southend United FC
33,Fri Feb 26 1999,Brighton & Hove Albion FC,1-2,Leyton Orient FC
33,Fri Feb 26 1999,Brentford FC,1-1,Scarborough FC (1879-2007)
33,Fri Feb 26 1999,Rochdale AFC,1-1,Cardiff City FC
28,Mon Mar 1 1999,Leyton Orient FC,2-0,Torquay United FC
34,Thu Mar 4 1999,Cardiff City FC,0-0,Chester FC
34,Fri Mar 5 1999,Scunthorpe United FC,3-1,Brighton & Hove Albion FC
34,Fri Mar 5 1999,Southend United FC,2-0,Swansea City FC
34,Fri Mar 5 1999,Torquay United FC,4-0,FC Halifax Town
34,Fri Mar 5 1999,Peterborough United FC,1-1,Hartlepool United FC
34,Fri Mar 5 1999,Leyton Orient FC,3-0,Rochdale AFC
34,Fri Mar 5 1999,Carlisle United FC,2-1,Shrewsbury Town FC
34,Fri Mar 5 1999,Exeter City FC,0-3,Cambridge United FC
34,Fri Mar 5 1999,Hull City AFC,0-0,Mansfield Town FC
35,Mon Mar 8 1999,Swansea City FC,2-0,Darlington FC
35,Mon Mar 8 1999,Plymouth Argyle FC,0-0,Torquay United FC
35,Mon Mar 8 1999,Chester FC,1-3,Scarborough FC (1879-2007)
35,Mon Mar 8 1999,Cambridge United FC,2-0,Hull City AFC
35,Mon Mar 8 1999,Brighton & Hove Albion FC,0-2,Cardiff City FC
35,Mon Mar 8 1999,Brentford FC,3-0,Peterborough United FC
35,Mon Mar 8 1999,Barnet FC,1-0,Carlisle United FC
36,Fri Mar 12 1999,Plymouth Argyle FC,0-0,Hartlepool United FC
36,Fri Mar 12 1999,Scarborough FC (1879-2007),0-4,Rotherham United FC
36,Fri Mar 12 1999,Southend United FC,0-0,Exeter City FC
36,Fri Mar 12 1999,Peterborough United FC,0-1,Swansea City FC
36,Fri Mar 12 1999,Mansfield Town FC,3-1,Rochdale AFC
36,Fri Mar 12 1999,Leyton Orient FC,1-2,Hull City AFC
36,Fri Mar 12 1999,FC Halifax Town,1-0,Carlisle United FC
36,Fri Mar 12 1999,Chester FC,0-2,Scunthorpe United FC
36,Fri Mar 12 1999,Cardiff City FC,2-2,Torquay United FC
36,Fri Mar 12 1999,Barnet FC,3-0,Cambridge United FC
36,Fri Mar 12 1999,Brentford FC,0-0,Shrewsbury Town FC
36,Fri Mar 12 1999,Brighton & Hove Albion FC,0-4,Darlington FC
25,Mon Mar 15 1999,Rotherham United FC,1-0,Cardiff City FC
27,Mon Mar 15 1999,Brentford FC,1-1,FC Halifax Town
37,Fri Mar 19 1999,Rotherham United FC,2-2,Peterborough United FC
37,Fri Mar 19 1999,Swansea City FC,1-2,FC Halifax Town
37,Fri Mar 19 1999,Shrewsbury Town FC,2-0,Chester FC
37,Fri Mar 19 1999,Scunthorpe United FC,2-0,Leyton Orient FC
37,Fri Mar 19 1999,Cambridge United FC,7-2,Mansfield Town FC
37,Fri Mar 19 1999,Rochdale AFC,0-0,Barnet FC
37,Fri Mar 19 1999,Hull City AFC,1-0,Plymouth Argyle FC
37,Fri Mar 19 1999,Hartlepool United FC,0-0,Brighton & Hove Albion FC
37,Fri Mar 19 1999,Exeter City FC,0-2,Cardiff City FC
37,Fri Mar 19 1999,Darlington FC,2-1,Southend United FC
37,Fri Mar 19 1999,Carlisle United FC,0-1,Brentford FC
37,Fri Mar 19 1999,Torquay United FC,0-1,Scarborough FC (1879-2007)
18,Mon Mar 22 1999,Darlington FC,1-1,Carlisle United FC
28,Mon Mar 22 1999,Scunthorpe United FC,1-2,Swansea City FC
38,Thu Mar 25 1999,Shrewsbury Town FC,1-1,Cambridge United FC
38,Thu Mar 25 1999,Southend United FC,0-1,Hull City AFC
38,Thu Mar 25 1999,Scarborough FC (1879-2007),1-0,Rochdale AFC
38,Thu Mar 25 1999,Exeter City FC,0-0,Darlington FC
38,Thu Mar 25 1999,FC Halifax Town,1-2,Leyton Orient FC
38,Fri Mar 26 1999,Brighton & Hove Albion FC,0-1,Barnet FC
38,Fri Mar 26 1999,Rotherham United FC,0-0,Scunthorpe United FC
38,Fri Mar 26 1999,Chester FC,3-2,Plymouth Argyle FC
38,Fri Mar 26 1999,Cardiff City FC,2-1,Carlisle United FC
38,Fri Mar 26 1999,Torquay United FC,3-0,Hartlepool United FC
38,Sat Mar 27 1999,Peterborough United FC,1-0,Mansfield Town FC
25,Mon Mar 29 1999,Plymouth Argyle FC,5-0,Scunthorpe United FC
35,Mon Mar 29 1999,Rochdale AFC,1-0,Southend United FC
39,Fri Apr 2 1999,Swansea City FC,1-1,Chester FC
39,Fri Apr 2 1999,Scunthorpe United FC,2-0,Exeter City FC
39,Fri Apr 2 1999,Rochdale AFC,0-3,Peterborough United FC
39,Fri Apr 2 1999,Barnet FC,2-2,FC Halifax Town
39,Fri Apr 2 1999,Mansfield Town FC,2-0,Brighton & Hove Albion FC
39,Fri Apr 2 1999,Leyton Orient FC,0-3,Southend United FC
39,Fri Apr 2 1999,Hull City AFC,1-1,Scarborough FC (1879-2007)
39,Fri Apr 2 1999,Hartlepool United FC,0-1,Brentford FC
39,Fri Apr 2 1999,Darlington FC,1-2,Rotherham United FC
39,Fri Apr 2 1999,Carlisle United FC,3-0,Torquay United FC
39,Fri Apr 2 1999,Cambridge United FC,0-0,Cardiff City FC
39,Fri Apr 2 1999,Plymouth Argyle FC,2-0,Shrewsbury Town FC
40,Sun Apr 4 1999,Torquay United FC,0-0,Mansfield Town FC
40,Sun Apr 4 1999,Southend United FC,0-1,Scunthorpe United FC
40,Sun Apr 4 1999,Scarborough FC (1879-2007),3-0,Carlisle United FC
40,Sun Apr 4 1999,Brentford FC,3-1,Plymouth Argyle FC
40,Sun Apr 4 1999,Peterborough United FC,0-1,Darlington FC
40,Sun Apr 4 1999,FC Halifax Town,0-0,Rochdale AFC
40,Sun Apr 4 1999,Exeter City FC,1-1,Leyton Orient FC
40,Sun Apr 4 1999,Chester FC,3-0,Barnet FC
40,Sun Apr 4 1999,Cardiff City FC,1-1,Hull City AFC
40,Sun Apr 4 1999,Rotherham United FC,1-0,Swansea City FC
40,Mon Apr 5 1999,Shrewsbury Town FC,0-1,Hartlepool United FC
40,Mon Apr 5 1999,Brighton & Hove Albion FC,1-3,Cambridge United FC
41,Thu Apr 8 1999,Swansea City FC,1-1,Shrewsbury Town FC
41,Fri Apr 9 1999,Mansfield Town FC,0-0,Southend United FC
41,Fri Apr 9 1999,Rochdale AFC,0-0,Rotherham United FC
41,Fri Apr 9 1999,Plymouth Argyle FC,1-2,Brighton & Hove Albion FC
41,Fri Apr 9 1999,Scunthorpe United FC,0-0,Brentford FC
41,Fri Apr 9 1999,Leyton Orient FC,1-1,Cardiff City FC
41,Fri Apr 9 1999,Hull City AFC,2-1,Exeter City FC
41,Fri Apr 9 1999,Hartlepool United FC,2-0,Chester FC
41,Fri Apr 9 1999,Darlington FC,0-2,Torquay United FC
41,Fri Apr 9 1999,Carlisle United FC,1-1,Peterborough United FC
41,Fri Apr 9 1999,Barnet FC,1-0,Scarborough FC (1879-2007)
41,Fri Apr 9 1999,Cambridge United FC,4-0,FC Halifax Town
42,Mon Apr 12 1999,Torquay United FC,1-1,Barnet FC
42,Mon Apr 12 1999,Swansea City FC,1-0,Hartlepool United FC
42,Mon Apr 12 1999,Southend United FC,0-1,Cardiff City FC
42,Mon Apr 12 1999,Scunthorpe United FC,1-1,Peterborough United FC
42,Mon Apr 12 1999,Mansfield Town FC,0-1,FC Halifax Town
42,Mon Apr 12 1999,Leyton Orient FC,4-3,Plymouth Argyle FC
42,Mon Apr 12 1999,Exeter City FC,3-0,Rotherham United FC
42,Mon Apr 12 1999,Chester FC,1-3,Brentford FC
42,Mon Apr 12 1999,Carlisle United FC,0-0,Hull City AFC
42,Mon Apr 12 1999,Cambridge United FC,1-1,Rochdale AFC
42,Mon Apr 12 1999,Brighton & Hove Albion FC,1-0,Shrewsbury Town FC
42,Tue Apr 13 1999,Scarborough FC (1879-2007),0-2,Darlington FC
43,Fri Apr 16 1999,Shrewsbury Town FC,1-1,Exeter City FC
43,Fri Apr 16 1999,Rotherham United FC,3-1,Carlisle United FC
43,Fri Apr 16 1999,Rochdale AFC,3-1,Chester FC
43,Fri Apr 16 1999,Plymouth Argyle FC,0-3,Southend United FC
43,Fri Apr 16 1999,Peterborough United FC,4-0,Torquay United FC
43,Fri Apr 16 1999,Barnet FC,0-0,Mansfield Town FC
43,Fri Apr 16 1999,Hartlepool United FC,3-0,Scarborough FC (1879-2007)
43,Fri Apr 16 1999,FC Halifax Town,1-0,Brighton & Hove Albion FC
43,Fri Apr 16 1999,Darlington FC,0-0,Cambridge United FC
43,Fri Apr 16 1999,Brentford FC,0-0,Leyton Orient FC
43,Fri Apr 16 1999,Hull City AFC,2-3,Scunthorpe United FC
43,Sat Apr 17 1999,Cardiff City FC,0-0,Swansea City FC
35,Mon Apr 19 1999,Shrewsbury Town FC,2-3,Rotherham United FC
25,Tue Apr 20 1999,Scarborough FC (1879-2007),1-3,Leyton Orient FC
44,Fri Apr 23 1999,Mansfield Town FC,2-0,Hartlepool United FC
44,Fri Apr 23 1999,Brighton & Hove Albion FC,0-0,Hull City AFC
44,Fri Apr 23 1999,Southend United FC,1-4,Brentford FC
44,Fri Apr 23 1999,Scunthorpe United FC,3-1,Barnet FC
44,Fri Apr 23 1999,Scarborough FC (1879-2007),1-2,Cardiff City FC
44,Fri Apr 23 1999,Torquay United FC,2-0,Rotherham United FC
44,Fri Apr 23 1999,Leyton Orient FC,6-1,Shrewsbury Town FC
44,Fri Apr 23 1999,Exeter City FC,2-1,Rochdale AFC
44,Fri Apr 23 1999,Chester FC,2-2,FC Halifax Town
44,Fri Apr 23 1999,Carlisle United FC,3-3,Darlington FC
44,Fri Apr 23 1999,Cambridge United FC,1-1,Peterborough United FC
44,Fri Apr 23 1999,Swansea City FC,2-3,Plymouth Argyle FC
20,Mon Apr 26 1999,Rochdale AFC,0-2,Cambridge United FC
34,Mon Apr 26 1999,Rotherham United FC,1-1,Barnet FC
34,Mon Apr 26 1999,Darlington FC,2-2,Brentford FC
35,Mon Apr 26 1999,Mansfield Town FC,0-1,Exeter City FC
35,Mon Apr 26 1999,FC Halifax Town,1-0,Scunthorpe United FC
35,Mon Apr 26 1999,Hartlepool United FC,1-0,Leyton Orient FC
45,Fri Apr 30 1999,Shrewsbury Town FC,1-0,Mansfield Town FC
45,Fri Apr 30 1999,Rotherham United FC,2-1,Brighton & Hove Albion FC
45,Fri Apr 30 1999,Rochdale AFC,0-3,Swansea City FC
45,Fri Apr 30 1999,Plymouth Argyle FC,2-2,Cambridge United FC
45,Fri Apr 30 1999,Peterborough United FC,3-0,Leyton Orient FC
45,Fri Apr 30 1999,Hull City AFC,1-0,Torquay United FC
45,Fri Apr 30 1999,Hartlepool United FC,0-0,Carlisle United FC
45,Fri Apr 30 1999,Barnet FC,0-2,Southend United FC
45,Fri Apr 30 1999,Darlington FC,1-2,Chester FC
45,Fri Apr 30 1999,Cardiff City FC,0-0,Scunthorpe United FC
45,Fri Apr 30 1999,Brentford FC,3-0,Exeter City FC
45,Fri Apr 30 1999,FC Halifax Town,1-2,Scarborough FC (1879-2007)
15,Mon May 3 1999,Darlington FC,4-0,Exeter City FC
38,Mon May 3 1999,Brentford FC,4-1,Swansea City FC
34,Tue May 4 1999,Scarborough FC (1879-2007),3-0,Plymouth Argyle FC
27,Wed May 5 1999,Swansea City FC,2-0,Cambridge United FC
46,Fri May 7 1999,Mansfield Town FC,3-0,Cardiff City FC
46,Fri May 7 1999,Swansea City FC,2-0,Hull City AFC
46,Fri May 7 1999,Southend United FC,1-1,Hartlepool United FC
46,Fri May 7 1999,Scunthorpe United FC,0-1,Darlington FC
46,Fri May 7 1999,Scarborough FC (1879-2007),1-1,Peterborough United FC
46,Fri May 7 1999,Torquay United FC,0-3,Shrewsbury Town FC
46,Fri May 7 1999,Leyton Orient FC,2-2,Barnet FC
46,Fri May 7 1999,Exeter City FC,2-1,FC Halifax Town
46,Fri May 7 1999,Chester FC,1-1,Rotherham United FC
46,Fri May 7 1999,Carlisle United FC,2-1,Plymouth Argyle FC
46,Fri May 7 1999,Cambridge United FC,0-1,Brentford FC
46,Fri May 7 1999,Brighton & Hove Albion FC,1-1,Rochdale AFC
