Round,Date,Team 1,FT,Team 2
1,Sat Oct 3 2020,Altrincham FC,0-0,Weymouth FC
1,Sat Oct 3 2020,Dover Athletic FC,1-0,Notts County FC
1,Sat Oct 3 2020,Barnet FC,1-5,Eastleigh FC
1,Sat Oct 3 2020,Woking FC,2-1,Solihull Moors FC
1,Sat Oct 3 2020,FC Halifax Town,2-0,Dagenham & Redbridge FC
1,Sat Oct 3 2020,Hartlepool United FC,2-1,Aldershot Town FC
1,Sat Oct 3 2020,Sutton United FC,3-0,Maidenhead United FC
1,Sat Oct 3 2020,Torquay United FC,1-0,Stockport County FC
1,Sat Oct 3 2020,Wrexham AFC,2-1,Boreham Wood FC
1,Sat Oct 3 2020,King's Lynn FC,2-2,Yeovil Town FC
2,Tue Oct 6 2020,Aldershot Town FC,1-2,Sutton United FC
2,Tue Oct 6 2020,Bromley FC,4-1,Dover Athletic FC
2,Tue Oct 6 2020,Dagenham & Redbridge FC,1-2,Barnet FC
2,Tue Oct 6 2020,Eastleigh FC,2-1,Torquay United FC
2,Tue Oct 6 2020,Chesterfield FC,1-2,Hartlepool United FC
2,Tue Oct 6 2020,Weymouth FC,0-1,Woking FC
2,Tue Oct 6 2020,Maidenhead United FC,2-3,King's Lynn FC
2,Tue Oct 6 2020,Solihull Moors FC,1-0,Wrexham AFC
2,Tue Oct 6 2020,Stockport County FC,2-1,FC Halifax Town
2,Tue Oct 6 2020,Yeovil Town FC,2-2,Wealdstone FC
2,Wed Oct 7 2020,Notts County FC,3-1,Altrincham FC
3,Sat Oct 10 2020,Boreham Wood FC,0-0,FC Halifax Town
3,Sat Oct 10 2020,Bromley FC,1-2,Torquay United FC
3,Sat Oct 10 2020,Eastleigh FC,1-1,Altrincham FC
3,Sat Oct 10 2020,Chesterfield FC,4-0,Woking FC
3,Sat Oct 10 2020,Weymouth FC,0-1,Sutton United FC
3,Sat Oct 10 2020,Maidenhead United FC,0-4,Hartlepool United FC
3,Sat Oct 10 2020,Notts County FC,4-2,Barnet FC
3,Sat Oct 10 2020,Solihull Moors FC,5-0,King's Lynn FC
3,Sat Oct 10 2020,Stockport County FC,3-0,Dover Athletic FC
3,Sat Oct 10 2020,Yeovil Town FC,0-1,Wrexham AFC
3,Sat Oct 10 2020,Dagenham & Redbridge FC,1-0,Wealdstone FC
4,Mon Oct 12 2020,Wrexham AFC,0-1,Maidenhead United FC
4,Tue Oct 13 2020,Dover Athletic FC,0-5,Aldershot Town FC
4,Tue Oct 13 2020,Barnet FC,1-0,Weymouth FC
4,Tue Oct 13 2020,Woking FC,2-0,Dagenham & Redbridge FC
4,Tue Oct 13 2020,FC Halifax Town,1-1,Yeovil Town FC
4,Tue Oct 13 2020,Hartlepool United FC,0-0,Bromley FC
4,Tue Oct 13 2020,King's Lynn FC,0-3,Boreham Wood FC
4,Tue Oct 13 2020,Sutton United FC,0-1,Notts County FC
4,Tue Oct 13 2020,Torquay United FC,2-1,Chesterfield FC
4,Tue Oct 13 2020,Wealdstone FC,2-5,Stockport County FC
5,Sat Oct 17 2020,Dagenham & Redbridge FC,0-0,Yeovil Town FC
5,Sat Oct 17 2020,Eastleigh FC,2-2,Aldershot Town FC
5,Sat Oct 17 2020,Weymouth FC,2-1,King's Lynn FC
5,Sat Oct 17 2020,Woking FC,0-0,FC Halifax Town
5,Sat Oct 17 2020,Notts County FC,2-3,Maidenhead United FC
5,Sat Oct 17 2020,Solihull Moors FC,1-0,Boreham Wood FC
5,Sat Oct 17 2020,Torquay United FC,2-0,Dover Athletic FC
5,Sat Oct 17 2020,Wealdstone FC,4-3,Wrexham AFC
5,Sat Oct 17 2020,Chesterfield FC,1-2,Stockport County FC
1,Tue Oct 20 2020,Wealdstone FC,3-2,Chesterfield FC
6,Tue Oct 27 2020,Wrexham AFC,0-0,Barnet FC
6,Tue Oct 27 2020,Aldershot Town FC,1-4,Torquay United FC
6,Tue Oct 27 2020,Boreham Wood FC,1-0,Woking FC
6,Tue Oct 27 2020,Bromley FC,3-2,Weymouth FC
6,Tue Oct 27 2020,Dover Athletic FC,3-2,Eastleigh FC
6,Tue Oct 27 2020,Hartlepool United FC,1-1,Altrincham FC
6,Tue Oct 27 2020,King's Lynn FC,2-3,Wealdstone FC
6,Tue Oct 27 2020,Maidenhead United FC,2-1,Dagenham & Redbridge FC
6,Tue Oct 27 2020,Stockport County FC,0-0,Solihull Moors FC
6,Tue Oct 27 2020,Yeovil Town FC,1-2,Sutton United FC
7,Sat Oct 31 2020,Wrexham AFC,,Sutton United FC
7,Sat Oct 31 2020,Bromley FC,1-2,Eastleigh FC
7,Sat Oct 31 2020,Dover Athletic FC,0-1,Altrincham FC
7,Sat Oct 31 2020,King's Lynn FC,3-2,Woking FC
7,Sat Oct 31 2020,Maidenhead United FC,3-1,Solihull Moors FC
7,Sat Oct 31 2020,Stockport County FC,1-2,Weymouth FC
7,Sat Oct 31 2020,Yeovil Town FC,0-1,Chesterfield FC
7,Sat Oct 31 2020,Hartlepool United FC,0-5,Torquay United FC
38,Sat Nov 7 2020,Wealdstone FC,1-0,Altrincham FC
7,Sat Nov 7 2020,Aldershot Town FC,1-0,Notts County FC
7,Tue Nov 10 2020,Boreham Wood FC,0-1,Dagenham & Redbridge FC
7,Tue Nov 10 2020,FC Halifax Town,0-1,Wealdstone FC
4,Wed Nov 11 2020,Altrincham FC,0-2,Solihull Moors FC
9,Wed Nov 11 2020,Notts County FC,,Stockport County FC
8,Sat Nov 14 2020,Dagenham & Redbridge FC,,Stockport County FC
8,Sat Nov 14 2020,Weymouth FC,,Wrexham AFC
8,Sat Nov 14 2020,Solihull Moors FC,,FC Halifax Town
8,Sat Nov 14 2020,Wealdstone FC,,Dover Athletic FC
8,Sat Nov 14 2020,Altrincham FC,1-2,Aldershot Town FC
8,Sat Nov 14 2020,Barnet FC,1-3,Bromley FC
8,Sat Nov 14 2020,Chesterfield FC,1-2,Maidenhead United FC
8,Sat Nov 14 2020,Woking FC,1-1,Yeovil Town FC
8,Sat Nov 14 2020,Sutton United FC,5-1,King's Lynn FC
8,Sat Nov 14 2020,Torquay United FC,1-1,Boreham Wood FC
8,Sat Nov 14 2020,Eastleigh FC,,Hartlepool United FC
9,Tue Nov 17 2020,Hartlepool United FC,,Wrexham AFC
9,Tue Nov 17 2020,Sutton United FC,,Dagenham & Redbridge FC
6,Tue Nov 17 2020,FC Halifax Town,,Notts County FC
9,Tue Nov 17 2020,Weymouth FC,,Yeovil Town FC
9,Tue Nov 17 2020,Torquay United FC,,Solihull Moors FC
9,Tue Nov 17 2020,Aldershot Town FC,,Maidenhead United FC
9,Tue Nov 17 2020,Altrincham FC,,Chesterfield FC
9,Tue Nov 17 2020,Bromley FC,,Boreham Wood FC
9,Tue Nov 17 2020,Dover Athletic FC,,Woking FC
9,Tue Nov 17 2020,Eastleigh FC,,Wealdstone FC
9,Tue Nov 17 2020,Barnet FC,,King's Lynn FC
10,Sat Nov 21 2020,Solihull Moors FC,,Weymouth FC
10,Sat Nov 21 2020,Stockport County FC,,Eastleigh FC
10,Sat Nov 21 2020,Boreham Wood FC,,Altrincham FC
10,Sat Nov 21 2020,Chesterfield FC,,Notts County FC
10,Sat Nov 21 2020,Woking FC,,Barnet FC
10,Sat Nov 21 2020,FC Halifax Town,,Torquay United FC
10,Sat Nov 21 2020,King's Lynn FC,,Dover Athletic FC
10,Sat Nov 21 2020,Maidenhead United FC,,Bromley FC
10,Sat Nov 21 2020,Wrexham AFC,,Aldershot Town FC
10,Sat Nov 21 2020,Yeovil Town FC,,Hartlepool United FC
10,Sat Nov 21 2020,Wealdstone FC,,Sutton United FC
5,Tue Nov 24 2020,Altrincham FC,,Bromley FC
5,Tue Nov 24 2020,Barnet FC,,Hartlepool United FC
11,Fri Nov 27 2020,Notts County FC,,Wealdstone FC
11,Sat Nov 28 2020,Aldershot Town FC,,Solihull Moors FC
11,Sat Nov 28 2020,Altrincham FC,,Maidenhead United FC
11,Sat Nov 28 2020,Bromley FC,,Wrexham AFC
11,Sat Nov 28 2020,Dover Athletic FC,,Boreham Wood FC
11,Sat Nov 28 2020,Eastleigh FC,,King's Lynn FC
11,Sat Nov 28 2020,Barnet FC,,Yeovil Town FC
11,Sat Nov 28 2020,Weymouth FC,,Chesterfield FC
11,Sat Nov 28 2020,Hartlepool United FC,,Stockport County FC
11,Sat Nov 28 2020,Sutton United FC,,FC Halifax Town
11,Sat Nov 28 2020,Torquay United FC,,Dagenham & Redbridge FC
12,Tue Dec 1 2020,Boreham Wood FC,,Weymouth FC
12,Tue Dec 1 2020,Dagenham & Redbridge FC,,Notts County FC
12,Tue Dec 1 2020,Chesterfield FC,,Aldershot Town FC
12,Tue Dec 1 2020,Woking FC,,Sutton United FC
12,Tue Dec 1 2020,FC Halifax Town,,Barnet FC
12,Tue Dec 1 2020,King's Lynn FC,,Bromley FC
12,Tue Dec 1 2020,Maidenhead United FC,,Dover Athletic FC
12,Tue Dec 1 2020,Solihull Moors FC,,Hartlepool United FC
12,Tue Dec 1 2020,Wealdstone FC,,Torquay United FC
12,Tue Dec 1 2020,Wrexham AFC,,Altrincham FC
12,Tue Dec 1 2020,Yeovil Town FC,,Eastleigh FC
13,Sat Dec 5 2020,Aldershot Town FC,,Dagenham & Redbridge FC
13,Sat Dec 5 2020,Altrincham FC,,King's Lynn FC
13,Sat Dec 5 2020,Bromley FC,,Stockport County FC
13,Sat Dec 5 2020,Dover Athletic FC,,Chesterfield FC
13,Sat Dec 5 2020,Eastleigh FC,,Maidenhead United FC
13,Sat Dec 5 2020,Barnet FC,,Wealdstone FC
13,Sat Dec 5 2020,Weymouth FC,,FC Halifax Town
13,Sat Dec 5 2020,Hartlepool United FC,,Boreham Wood FC
13,Sat Dec 5 2020,Notts County FC,,Woking FC
13,Sat Dec 5 2020,Sutton United FC,,Solihull Moors FC
13,Sat Dec 5 2020,Torquay United FC,,Wrexham AFC
14,Tue Dec 8 2020,Aldershot Town FC,,FC Halifax Town
14,Tue Dec 8 2020,Altrincham FC,,Woking FC
14,Tue Dec 8 2020,Bromley FC,,Yeovil Town FC
14,Tue Dec 8 2020,Dover Athletic FC,,Solihull Moors FC
14,Tue Dec 8 2020,Eastleigh FC,,Wrexham AFC
14,Tue Dec 8 2020,Barnet FC,,Stockport County FC
14,Tue Dec 8 2020,Weymouth FC,,Dagenham & Redbridge FC
14,Tue Dec 8 2020,Hartlepool United FC,,King's Lynn FC
14,Tue Dec 8 2020,Notts County FC,,Boreham Wood FC
14,Tue Dec 8 2020,Sutton United FC,,Chesterfield FC
14,Tue Dec 8 2020,Torquay United FC,,Maidenhead United FC
15,Sat Dec 12 2020,Boreham Wood FC,,Aldershot Town FC
15,Sat Dec 12 2020,Dagenham & Redbridge FC,,Altrincham FC
15,Sat Dec 12 2020,Chesterfield FC,,Barnet FC
15,Sat Dec 12 2020,Woking FC,,Hartlepool United FC
15,Sat Dec 12 2020,FC Halifax Town,,Eastleigh FC
15,Sat Dec 12 2020,King's Lynn FC,,Torquay United FC
15,Sat Dec 12 2020,Solihull Moors FC,,Bromley FC
15,Sat Dec 12 2020,Stockport County FC,,Sutton United FC
15,Sat Dec 12 2020,Wealdstone FC,,Weymouth FC
15,Sat Dec 12 2020,Wrexham AFC,,Dover Athletic FC
15,Sat Dec 12 2020,Yeovil Town FC,,Notts County FC
16,Sat Dec 26 2020,Aldershot Town FC,,Woking FC
16,Sat Dec 26 2020,Altrincham FC,,Stockport County FC
16,Sat Dec 26 2020,Boreham Wood FC,,Barnet FC
16,Sat Dec 26 2020,Bromley FC,,Sutton United FC
16,Sat Dec 26 2020,Dover Athletic FC,,Dagenham & Redbridge FC
16,Sat Dec 26 2020,Eastleigh FC,,Weymouth FC
16,Sat Dec 26 2020,Hartlepool United FC,,FC Halifax Town
16,Sat Dec 26 2020,King's Lynn FC,,Notts County FC
16,Sat Dec 26 2020,Maidenhead United FC,,Wealdstone FC
16,Sat Dec 26 2020,Solihull Moors FC,,Chesterfield FC
16,Sat Dec 26 2020,Torquay United FC,,Yeovil Town FC
17,Mon Dec 28 2020,Dagenham & Redbridge FC,,Bromley FC
17,Mon Dec 28 2020,Barnet FC,,Maidenhead United FC
17,Mon Dec 28 2020,Chesterfield FC,,King's Lynn FC
17,Mon Dec 28 2020,Weymouth FC,,Torquay United FC
17,Mon Dec 28 2020,Woking FC,,Eastleigh FC
17,Mon Dec 28 2020,FC Halifax Town,,Altrincham FC
17,Mon Dec 28 2020,Notts County FC,,Hartlepool United FC
17,Mon Dec 28 2020,Stockport County FC,,Wrexham AFC
17,Mon Dec 28 2020,Sutton United FC,,Dover Athletic FC
17,Mon Dec 28 2020,Wealdstone FC,,Boreham Wood FC
17,Mon Dec 28 2020,Yeovil Town FC,,Aldershot Town FC
18,Sat Jan 2 2021,Dagenham & Redbridge FC,,Dover Athletic FC
18,Sat Jan 2 2021,Barnet FC,,Boreham Wood FC
18,Sat Jan 2 2021,Chesterfield FC,,Solihull Moors FC
18,Sat Jan 2 2021,Weymouth FC,,Eastleigh FC
18,Sat Jan 2 2021,Woking FC,,Aldershot Town FC
18,Sat Jan 2 2021,FC Halifax Town,,Hartlepool United FC
18,Sat Jan 2 2021,Notts County FC,,King's Lynn FC
18,Sat Jan 2 2021,Stockport County FC,,Altrincham FC
18,Sat Jan 2 2021,Sutton United FC,,Bromley FC
18,Sat Jan 2 2021,Wealdstone FC,,Maidenhead United FC
18,Sat Jan 2 2021,Yeovil Town FC,,Torquay United FC
19,Sat Jan 9 2021,Aldershot Town FC,,Barnet FC
19,Sat Jan 9 2021,Altrincham FC,,Sutton United FC
19,Sat Jan 9 2021,Boreham Wood FC,,Yeovil Town FC
19,Sat Jan 9 2021,Bromley FC,,Chesterfield FC
19,Sat Jan 9 2021,Dover Athletic FC,,Weymouth FC
19,Sat Jan 9 2021,Eastleigh FC,,Notts County FC
19,Sat Jan 9 2021,Hartlepool United FC,,Wealdstone FC
19,Sat Jan 9 2021,King's Lynn FC,,FC Halifax Town
19,Sat Jan 9 2021,Maidenhead United FC,,Stockport County FC
19,Sat Jan 9 2021,Solihull Moors FC,,Dagenham & Redbridge FC
19,Sat Jan 9 2021,Wrexham AFC,,Woking FC
20,Sat Jan 23 2021,Dagenham & Redbridge FC,,King's Lynn FC
20,Sat Jan 23 2021,Barnet FC,,Altrincham FC
20,Sat Jan 23 2021,Chesterfield FC,,Wrexham AFC
20,Sat Jan 23 2021,Weymouth FC,,Hartlepool United FC
20,Sat Jan 23 2021,Woking FC,,Maidenhead United FC
20,Sat Jan 23 2021,FC Halifax Town,,Bromley FC
20,Sat Jan 23 2021,Notts County FC,,Torquay United FC
20,Sat Jan 23 2021,Stockport County FC,,Boreham Wood FC
20,Sat Jan 23 2021,Sutton United FC,,Eastleigh FC
20,Sat Jan 23 2021,Wealdstone FC,,Aldershot Town FC
20,Sat Jan 23 2021,Yeovil Town FC,,Solihull Moors FC
21,Tue Jan 26 2021,Aldershot Town FC,,Weymouth FC
21,Tue Jan 26 2021,Altrincham FC,,Wealdstone FC
21,Tue Jan 26 2021,Boreham Wood FC,,Chesterfield FC
21,Tue Jan 26 2021,Bromley FC,,Woking FC
21,Tue Jan 26 2021,Dover Athletic FC,,Barnet FC
21,Tue Jan 26 2021,Eastleigh FC,,Dagenham & Redbridge FC
21,Tue Jan 26 2021,King's Lynn FC,,Stockport County FC
21,Tue Jan 26 2021,Maidenhead United FC,,Yeovil Town FC
21,Tue Jan 26 2021,Solihull Moors FC,,Notts County FC
21,Tue Jan 26 2021,Torquay United FC,,Sutton United FC
21,Tue Jan 26 2021,Wrexham AFC,,FC Halifax Town
22,Sat Jan 30 2021,Boreham Wood FC,,Eastleigh FC
22,Sat Jan 30 2021,Bromley FC,,Aldershot Town FC
22,Sat Jan 30 2021,Dagenham & Redbridge FC,,Chesterfield FC
22,Sat Jan 30 2021,Barnet FC,,Torquay United FC
22,Sat Jan 30 2021,Weymouth FC,,Notts County FC
22,Sat Jan 30 2021,Woking FC,,Stockport County FC
22,Sat Jan 30 2021,FC Halifax Town,,Maidenhead United FC
22,Sat Jan 30 2021,Hartlepool United FC,,Sutton United FC
22,Sat Jan 30 2021,King's Lynn FC,,Wrexham AFC
22,Sat Jan 30 2021,Solihull Moors FC,,Wealdstone FC
22,Sat Jan 30 2021,Yeovil Town FC,,Dover Athletic FC
23,Sat Feb 6 2021,Aldershot Town FC,,King's Lynn FC
23,Sat Feb 6 2021,Dover Athletic FC,,Hartlepool United FC
23,Sat Feb 6 2021,Eastleigh FC,,Solihull Moors FC
23,Sat Feb 6 2021,Chesterfield FC,,FC Halifax Town
23,Sat Feb 6 2021,Maidenhead United FC,,Boreham Wood FC
23,Sat Feb 6 2021,Notts County FC,,Bromley FC
23,Sat Feb 6 2021,Stockport County FC,,Yeovil Town FC
23,Sat Feb 6 2021,Sutton United FC,,Barnet FC
23,Sat Feb 6 2021,Torquay United FC,,Altrincham FC
23,Sat Feb 6 2021,Wealdstone FC,,Woking FC
23,Sat Feb 6 2021,Wrexham AFC,,Dagenham & Redbridge FC
24,Tue Feb 9 2021,Aldershot Town FC,,Chesterfield FC
24,Tue Feb 9 2021,Altrincham FC,,Wrexham AFC
24,Tue Feb 9 2021,Bromley FC,,King's Lynn FC
24,Tue Feb 9 2021,Dover Athletic FC,,Maidenhead United FC
24,Tue Feb 9 2021,Eastleigh FC,,Yeovil Town FC
24,Tue Feb 9 2021,Barnet FC,,FC Halifax Town
24,Tue Feb 9 2021,Weymouth FC,,Boreham Wood FC
24,Tue Feb 9 2021,Hartlepool United FC,,Solihull Moors FC
24,Tue Feb 9 2021,Notts County FC,,Dagenham & Redbridge FC
24,Tue Feb 9 2021,Sutton United FC,,Woking FC
24,Tue Feb 9 2021,Torquay United FC,,Wealdstone FC
25,Sat Feb 13 2021,Boreham Wood FC,,Sutton United FC
25,Sat Feb 13 2021,Dagenham & Redbridge FC,,Hartlepool United FC
25,Sat Feb 13 2021,Chesterfield FC,,Eastleigh FC
25,Sat Feb 13 2021,Woking FC,,Torquay United FC
25,Sat Feb 13 2021,FC Halifax Town,,Dover Athletic FC
25,Sat Feb 13 2021,Maidenhead United FC,,Weymouth FC
25,Sat Feb 13 2021,Solihull Moors FC,,Barnet FC
25,Sat Feb 13 2021,Stockport County FC,,Aldershot Town FC
25,Sat Feb 13 2021,Wealdstone FC,,Bromley FC
25,Sat Feb 13 2021,Wrexham AFC,,Notts County FC
25,Sat Feb 13 2021,Yeovil Town FC,,Altrincham FC
26,Sat Feb 20 2021,Aldershot Town FC,,Wrexham AFC
26,Sat Feb 20 2021,Altrincham FC,,Boreham Wood FC
26,Sat Feb 20 2021,Bromley FC,,Maidenhead United FC
26,Sat Feb 20 2021,Dover Athletic FC,,King's Lynn FC
26,Sat Feb 20 2021,Eastleigh FC,,Stockport County FC
26,Sat Feb 20 2021,Barnet FC,,Woking FC
26,Sat Feb 20 2021,Weymouth FC,,Solihull Moors FC
26,Sat Feb 20 2021,Hartlepool United FC,,Yeovil Town FC
26,Sat Feb 20 2021,Notts County FC,,Chesterfield FC
26,Sat Feb 20 2021,Sutton United FC,,Wealdstone FC
26,Sat Feb 20 2021,Torquay United FC,,FC Halifax Town
27,Tue Feb 23 2021,Boreham Wood FC,,Bromley FC
27,Tue Feb 23 2021,Dagenham & Redbridge FC,,Sutton United FC
27,Tue Feb 23 2021,Chesterfield FC,,Altrincham FC
27,Tue Feb 23 2021,Woking FC,,Dover Athletic FC
27,Tue Feb 23 2021,King's Lynn FC,,Barnet FC
27,Tue Feb 23 2021,Maidenhead United FC,,Aldershot Town FC
27,Tue Feb 23 2021,Solihull Moors FC,,Torquay United FC
27,Tue Feb 23 2021,Stockport County FC,,Notts County FC
27,Tue Feb 23 2021,Wealdstone FC,,Eastleigh FC
27,Tue Feb 23 2021,Wrexham AFC,,Hartlepool United FC
27,Tue Feb 23 2021,Yeovil Town FC,,Weymouth FC
28,Sat Feb 27 2021,Aldershot Town FC,,Eastleigh FC
28,Sat Feb 27 2021,Boreham Wood FC,,Solihull Moors FC
28,Sat Feb 27 2021,Bromley FC,,Altrincham FC
28,Sat Feb 27 2021,Dover Athletic FC,,Torquay United FC
28,Sat Feb 27 2021,FC Halifax Town,,Woking FC
28,Sat Feb 27 2021,Hartlepool United FC,,Barnet FC
28,Sat Feb 27 2021,King's Lynn FC,,Weymouth FC
28,Sat Feb 27 2021,Maidenhead United FC,,Notts County FC
28,Sat Feb 27 2021,Stockport County FC,,Chesterfield FC
28,Sat Feb 27 2021,Wrexham AFC,,Wealdstone FC
28,Sat Feb 27 2021,Yeovil Town FC,,Dagenham & Redbridge FC
29,Sat Mar 6 2021,Altrincham FC,,Dover Athletic FC
29,Sat Mar 6 2021,Dagenham & Redbridge FC,,Boreham Wood FC
29,Sat Mar 6 2021,Eastleigh FC,,Bromley FC
29,Sat Mar 6 2021,Chesterfield FC,,Yeovil Town FC
29,Sat Mar 6 2021,Weymouth FC,,Stockport County FC
29,Sat Mar 6 2021,Woking FC,,King's Lynn FC
29,Sat Mar 6 2021,Notts County FC,,Aldershot Town FC
29,Sat Mar 6 2021,Solihull Moors FC,,Maidenhead United FC
29,Sat Mar 6 2021,Sutton United FC,,Wrexham AFC
29,Sat Mar 6 2021,Torquay United FC,,Hartlepool United FC
29,Sat Mar 6 2021,Wealdstone FC,,FC Halifax Town
30,Tue Mar 9 2021,Altrincham FC,,Hartlepool United FC
30,Tue Mar 9 2021,Dagenham & Redbridge FC,,Maidenhead United FC
30,Tue Mar 9 2021,Eastleigh FC,,Dover Athletic FC
30,Tue Mar 9 2021,Barnet FC,,Wrexham AFC
30,Tue Mar 9 2021,Weymouth FC,,Bromley FC
30,Tue Mar 9 2021,Woking FC,,Boreham Wood FC
30,Tue Mar 9 2021,Notts County FC,,FC Halifax Town
30,Tue Mar 9 2021,Solihull Moors FC,,Stockport County FC
30,Tue Mar 9 2021,Sutton United FC,,Yeovil Town FC
30,Tue Mar 9 2021,Torquay United FC,,Aldershot Town FC
30,Tue Mar 9 2021,Wealdstone FC,,King's Lynn FC
31,Sat Mar 13 2021,Aldershot Town FC,,Altrincham FC
31,Sat Mar 13 2021,Boreham Wood FC,,Torquay United FC
31,Sat Mar 13 2021,Bromley FC,,Barnet FC
31,Sat Mar 13 2021,Dover Athletic FC,,Wealdstone FC
31,Sat Mar 13 2021,FC Halifax Town,,Solihull Moors FC
31,Sat Mar 13 2021,Hartlepool United FC,,Eastleigh FC
31,Sat Mar 13 2021,King's Lynn FC,,Sutton United FC
31,Sat Mar 13 2021,Maidenhead United FC,,Chesterfield FC
31,Sat Mar 13 2021,Stockport County FC,,Dagenham & Redbridge FC
31,Sat Mar 13 2021,Wrexham AFC,,Weymouth FC
31,Sat Mar 13 2021,Yeovil Town FC,,Woking FC
32,Tue Mar 16 2021,Boreham Wood FC,,Notts County FC
32,Tue Mar 16 2021,Dagenham & Redbridge FC,,Weymouth FC
32,Tue Mar 16 2021,Chesterfield FC,,Sutton United FC
32,Tue Mar 16 2021,Woking FC,,Altrincham FC
32,Tue Mar 16 2021,FC Halifax Town,,Aldershot Town FC
32,Tue Mar 16 2021,King's Lynn FC,,Hartlepool United FC
32,Tue Mar 16 2021,Maidenhead United FC,,Torquay United FC
32,Tue Mar 16 2021,Solihull Moors FC,,Dover Athletic FC
32,Tue Mar 16 2021,Stockport County FC,,Barnet FC
32,Tue Mar 16 2021,Wrexham AFC,,Eastleigh FC
32,Tue Mar 16 2021,Yeovil Town FC,,Bromley FC
33,Sat Mar 20 2021,Aldershot Town FC,,Boreham Wood FC
33,Sat Mar 20 2021,Altrincham FC,,Dagenham & Redbridge FC
33,Sat Mar 20 2021,Bromley FC,,Solihull Moors FC
33,Sat Mar 20 2021,Dover Athletic FC,,Wrexham AFC
33,Sat Mar 20 2021,Eastleigh FC,,FC Halifax Town
33,Sat Mar 20 2021,Barnet FC,,Chesterfield FC
33,Sat Mar 20 2021,Weymouth FC,,Wealdstone FC
33,Sat Mar 20 2021,Hartlepool United FC,,Woking FC
33,Sat Mar 20 2021,Notts County FC,,Yeovil Town FC
33,Sat Mar 20 2021,Sutton United FC,,Stockport County FC
33,Sat Mar 20 2021,Torquay United FC,,King's Lynn FC
34,Sat Mar 27 2021,Boreham Wood FC,,Dover Athletic FC
34,Sat Mar 27 2021,Dagenham & Redbridge FC,,Torquay United FC
34,Sat Mar 27 2021,Chesterfield FC,,Weymouth FC
34,Sat Mar 27 2021,FC Halifax Town,,Sutton United FC
34,Sat Mar 27 2021,King's Lynn FC,,Eastleigh FC
34,Sat Mar 27 2021,Maidenhead United FC,,Altrincham FC
34,Sat Mar 27 2021,Solihull Moors FC,,Aldershot Town FC
34,Sat Mar 27 2021,Stockport County FC,,Hartlepool United FC
34,Sat Mar 27 2021,Wealdstone FC,,Notts County FC
34,Sat Mar 27 2021,Wrexham AFC,,Bromley FC
34,Sat Mar 27 2021,Yeovil Town FC,,Barnet FC
35,Fri Apr 2 2021,Aldershot Town FC,,Stockport County FC
35,Fri Apr 2 2021,Altrincham FC,,Yeovil Town FC
35,Fri Apr 2 2021,Bromley FC,,Wealdstone FC
35,Fri Apr 2 2021,Dover Athletic FC,,FC Halifax Town
35,Fri Apr 2 2021,Eastleigh FC,,Chesterfield FC
35,Fri Apr 2 2021,Barnet FC,,Solihull Moors FC
35,Fri Apr 2 2021,Weymouth FC,,Maidenhead United FC
35,Fri Apr 2 2021,Hartlepool United FC,,Dagenham & Redbridge FC
35,Fri Apr 2 2021,Notts County FC,,Wrexham AFC
35,Fri Apr 2 2021,Sutton United FC,,Boreham Wood FC
35,Fri Apr 2 2021,Torquay United FC,,Woking FC
36,Mon Apr 5 2021,Boreham Wood FC,,Hartlepool United FC
36,Mon Apr 5 2021,Dagenham & Redbridge FC,,Aldershot Town FC
36,Mon Apr 5 2021,Chesterfield FC,,Dover Athletic FC
36,Mon Apr 5 2021,Woking FC,,Notts County FC
36,Mon Apr 5 2021,FC Halifax Town,,Weymouth FC
36,Mon Apr 5 2021,King's Lynn FC,,Altrincham FC
36,Mon Apr 5 2021,Maidenhead United FC,,Eastleigh FC
36,Mon Apr 5 2021,Solihull Moors FC,,Sutton United FC
36,Mon Apr 5 2021,Stockport County FC,,Bromley FC
36,Mon Apr 5 2021,Wealdstone FC,,Barnet FC
36,Mon Apr 5 2021,Wrexham AFC,,Torquay United FC
37,Sat Apr 10 2021,Aldershot Town FC,,Yeovil Town FC
37,Sat Apr 10 2021,Altrincham FC,,FC Halifax Town
37,Sat Apr 10 2021,Boreham Wood FC,,Wealdstone FC
37,Sat Apr 10 2021,Bromley FC,,Dagenham & Redbridge FC
37,Sat Apr 10 2021,Dover Athletic FC,,Sutton United FC
37,Sat Apr 10 2021,Eastleigh FC,,Woking FC
37,Sat Apr 10 2021,Hartlepool United FC,,Notts County FC
37,Sat Apr 10 2021,King's Lynn FC,,Chesterfield FC
37,Sat Apr 10 2021,Maidenhead United FC,,Barnet FC
37,Sat Apr 10 2021,Torquay United FC,,Weymouth FC
37,Sat Apr 10 2021,Wrexham AFC,,Stockport County FC
38,Tue Apr 13 2021,Dagenham & Redbridge FC,,Eastleigh FC
38,Tue Apr 13 2021,Barnet FC,,Dover Athletic FC
38,Tue Apr 13 2021,Chesterfield FC,,Boreham Wood FC
38,Tue Apr 13 2021,Weymouth FC,,Aldershot Town FC
38,Tue Apr 13 2021,Woking FC,,Bromley FC
38,Tue Apr 13 2021,FC Halifax Town,,Wrexham AFC
38,Tue Apr 13 2021,Notts County FC,,Solihull Moors FC
38,Tue Apr 13 2021,Stockport County FC,,King's Lynn FC
38,Tue Apr 13 2021,Sutton United FC,,Torquay United FC
38,Tue Apr 13 2021,Yeovil Town FC,,Maidenhead United FC
39,Sat Apr 17 2021,Dagenham & Redbridge FC,,Solihull Moors FC
39,Sat Apr 17 2021,Barnet FC,,Aldershot Town FC
39,Sat Apr 17 2021,Chesterfield FC,,Bromley FC
39,Sat Apr 17 2021,Weymouth FC,,Dover Athletic FC
39,Sat Apr 17 2021,Woking FC,,Wrexham AFC
39,Sat Apr 17 2021,FC Halifax Town,,King's Lynn FC
39,Sat Apr 17 2021,Notts County FC,,Eastleigh FC
39,Sat Apr 17 2021,Stockport County FC,,Maidenhead United FC
39,Sat Apr 17 2021,Sutton United FC,,Altrincham FC
39,Sat Apr 17 2021,Wealdstone FC,,Hartlepool United FC
39,Sat Apr 17 2021,Yeovil Town FC,,Boreham Wood FC
40,Sat Apr 24 2021,Aldershot Town FC,,Wealdstone FC
40,Sat Apr 24 2021,Altrincham FC,,Barnet FC
40,Sat Apr 24 2021,Boreham Wood FC,,Stockport County FC
40,Sat Apr 24 2021,Bromley FC,,FC Halifax Town
40,Sat Apr 24 2021,Eastleigh FC,,Sutton United FC
40,Sat Apr 24 2021,Hartlepool United FC,,Weymouth FC
40,Sat Apr 24 2021,King's Lynn FC,,Dagenham & Redbridge FC
40,Sat Apr 24 2021,Maidenhead United FC,,Woking FC
40,Sat Apr 24 2021,Solihull Moors FC,,Yeovil Town FC
40,Sat Apr 24 2021,Torquay United FC,,Notts County FC
40,Sat Apr 24 2021,Wrexham AFC,,Chesterfield FC
41,Sat May 1 2021,Altrincham FC,,Notts County FC
41,Sat May 1 2021,Dover Athletic FC,,Bromley FC
41,Sat May 1 2021,Barnet FC,,Dagenham & Redbridge FC
41,Sat May 1 2021,Woking FC,,Weymouth FC
41,Sat May 1 2021,FC Halifax Town,,Stockport County FC
41,Sat May 1 2021,Hartlepool United FC,,Chesterfield FC
41,Sat May 1 2021,King's Lynn FC,,Maidenhead United FC
41,Sat May 1 2021,Sutton United FC,,Aldershot Town FC
41,Sat May 1 2021,Torquay United FC,,Eastleigh FC
41,Sat May 1 2021,Wealdstone FC,,Yeovil Town FC
41,Sat May 1 2021,Wrexham AFC,,Solihull Moors FC
42,Mon May 3 2021,Aldershot Town FC,,Dover Athletic FC
42,Mon May 3 2021,Boreham Wood FC,,King's Lynn FC
42,Mon May 3 2021,Bromley FC,,Hartlepool United FC
42,Mon May 3 2021,Dagenham & Redbridge FC,,Woking FC
42,Mon May 3 2021,Chesterfield FC,,Torquay United FC
42,Mon May 3 2021,Weymouth FC,,Barnet FC
42,Mon May 3 2021,Maidenhead United FC,,Wrexham AFC
42,Mon May 3 2021,Notts County FC,,Sutton United FC
42,Mon May 3 2021,Solihull Moors FC,,Altrincham FC
42,Mon May 3 2021,Stockport County FC,,Wealdstone FC
42,Mon May 3 2021,Yeovil Town FC,,FC Halifax Town
43,Sat May 8 2021,Altrincham FC,,Eastleigh FC
43,Sat May 8 2021,Dover Athletic FC,,Stockport County FC
43,Sat May 8 2021,Barnet FC,,Notts County FC
43,Sat May 8 2021,Woking FC,,Chesterfield FC
43,Sat May 8 2021,FC Halifax Town,,Boreham Wood FC
43,Sat May 8 2021,Hartlepool United FC,,Maidenhead United FC
43,Sat May 8 2021,King's Lynn FC,,Solihull Moors FC
43,Sat May 8 2021,Sutton United FC,,Weymouth FC
43,Sat May 8 2021,Torquay United FC,,Bromley FC
43,Sat May 8 2021,Wealdstone FC,,Dagenham & Redbridge FC
43,Sat May 8 2021,Wrexham AFC,,Yeovil Town FC
44,Sat May 15 2021,Aldershot Town FC,,Hartlepool United FC
44,Sat May 15 2021,Boreham Wood FC,,Wrexham AFC
44,Sat May 15 2021,Dagenham & Redbridge FC,,FC Halifax Town
44,Sat May 15 2021,Eastleigh FC,,Barnet FC
44,Sat May 15 2021,Chesterfield FC,,Wealdstone FC
44,Sat May 15 2021,Weymouth FC,,Altrincham FC
44,Sat May 15 2021,Maidenhead United FC,,Sutton United FC
44,Sat May 15 2021,Notts County FC,,Dover Athletic FC
44,Sat May 15 2021,Solihull Moors FC,,Woking FC
44,Sat May 15 2021,Stockport County FC,,Torquay United FC
44,Sat May 15 2021,Yeovil Town FC,,King's Lynn FC
45,Sat May 22 2021,Aldershot Town FC,,Bromley FC
45,Sat May 22 2021,Dover Athletic FC,,Yeovil Town FC
45,Sat May 22 2021,Eastleigh FC,,Boreham Wood FC
45,Sat May 22 2021,Chesterfield FC,,Dagenham & Redbridge FC
45,Sat May 22 2021,Maidenhead United FC,,FC Halifax Town
45,Sat May 22 2021,Notts County FC,,Weymouth FC
45,Sat May 22 2021,Stockport County FC,,Woking FC
45,Sat May 22 2021,Sutton United FC,,Hartlepool United FC
45,Sat May 22 2021,Torquay United FC,,Barnet FC
45,Sat May 22 2021,Wealdstone FC,,Solihull Moors FC
45,Sat May 22 2021,Wrexham AFC,,King's Lynn FC
46,Sat May 29 2021,Altrincham FC,,Torquay United FC
46,Sat May 29 2021,Boreham Wood FC,,Maidenhead United FC
46,Sat May 29 2021,Bromley FC,,Notts County FC
46,Sat May 29 2021,Dagenham & Redbridge FC,,Wrexham AFC
46,Sat May 29 2021,Barnet FC,,Sutton United FC
46,Sat May 29 2021,Woking FC,,Wealdstone FC
46,Sat May 29 2021,FC Halifax Town,,Chesterfield FC
46,Sat May 29 2021,Hartlepool United FC,,Dover Athletic FC
46,Sat May 29 2021,King's Lynn FC,,Aldershot Town FC
46,Sat May 29 2021,Solihull Moors FC,,Eastleigh FC
46,Sat May 29 2021,Yeovil Town FC,,Stockport County FC
