Round,Date,Team 1,FT,Team 2
1,Sat Sep 12 2020,Barrow AFC,1-1,Stevenage FC
1,Sat Sep 12 2020,Bolton Wanderers FC,0-1,Forest Green Rovers FC
1,Sat Sep 12 2020,Bradford City AFC,0-0,Colchester United FC
1,Sat Sep 12 2020,Cambridge United FC,3-0,Carlisle United FC
1,Sat Sep 12 2020,Cheltenham Town FC,1-2,Morecambe FC
1,Sat Sep 12 2020,Walsall FC,1-0,Grimsby Town FC
1,Sat Sep 12 2020,Mansfield Town FC,0-0,Tranmere Rovers FC
1,Sat Sep 12 2020,Oldham Athletic AFC,0-1,Leyton Orient FC
1,Sat Sep 12 2020,Port Vale FC,2-0,Crawley Town FC
1,Sat Sep 12 2020,Salford City FC,2-2,Exeter City FC
1,Sat Sep 12 2020,Scunthorpe United FC,1-1,Newport County AFC
1,Sat Sep 12 2020,Southend United FC,0-4,Harrogate Town AFC
2,Sat Sep 19 2020,Carlisle United FC,2-0,Southend United FC
2,Sat Sep 19 2020,Colchester United FC,2-0,Bolton Wanderers FC
2,Sat Sep 19 2020,Crawley Town FC,1-0,Scunthorpe United FC
2,Sat Sep 19 2020,Exeter City FC,0-2,Port Vale FC
2,Sat Sep 19 2020,Morecambe FC,0-5,Cambridge United FC
2,Sat Sep 19 2020,Stevenage FC,3-0,Oldham Athletic AFC
2,Sat Sep 19 2020,Forest Green Rovers FC,2-2,Bradford City AFC
2,Sat Sep 19 2020,Grimsby Town FC,0-4,Salford City FC
2,Sat Sep 19 2020,Harrogate Town AFC,2-2,Walsall FC
2,Sat Sep 19 2020,Leyton Orient FC,2-2,Mansfield Town FC
2,Sat Sep 19 2020,Newport County AFC,2-1,Barrow AFC
2,Sat Sep 19 2020,Tranmere Rovers FC,0-3,Cheltenham Town FC
3,Sat Sep 26 2020,Barrow AFC,1-1,Colchester United FC
3,Sat Sep 26 2020,Bolton Wanderers FC,0-2,Newport County AFC
3,Sat Sep 26 2020,Bradford City AFC,2-1,Stevenage FC
3,Sat Sep 26 2020,Cambridge United FC,0-0,Tranmere Rovers FC
3,Sat Sep 26 2020,Mansfield Town FC,1-2,Exeter City FC
3,Sat Sep 26 2020,Oldham Athletic AFC,2-3,Crawley Town FC
3,Sat Sep 26 2020,Port Vale FC,0-0,Harrogate Town AFC
3,Sat Sep 26 2020,Salford City FC,0-0,Forest Green Rovers FC
3,Sat Sep 26 2020,Scunthorpe United FC,1-0,Carlisle United FC
3,Sat Sep 26 2020,Southend United FC,1-2,Morecambe FC
4,Sat Oct 3 2020,Carlisle United FC,1-0,Barrow AFC
4,Sat Oct 3 2020,Colchester United FC,3-3,Oldham Athletic AFC
4,Sat Oct 3 2020,Crawley Town FC,1-1,Southend United FC
4,Sat Oct 3 2020,Exeter City FC,2-0,Cambridge United FC
4,Sat Oct 3 2020,Morecambe FC,1-0,Port Vale FC
4,Sat Oct 3 2020,Stevenage FC,0-1,Salford City FC
4,Sat Oct 3 2020,Forest Green Rovers FC,1-1,Walsall FC
4,Sat Oct 3 2020,Harrogate Town AFC,1-2,Bolton Wanderers FC
4,Sat Oct 3 2020,Leyton Orient FC,0-2,Cheltenham Town FC
4,Sat Oct 3 2020,Newport County AFC,2-1,Mansfield Town FC
4,Sat Oct 3 2020,Tranmere Rovers FC,2-0,Scunthorpe United FC
5,Sat Oct 10 2020,Barrow AFC,1-1,Leyton Orient FC
5,Sat Oct 10 2020,Bolton Wanderers FC,0-0,Grimsby Town FC
5,Sat Oct 10 2020,Cambridge United FC,2-1,Newport County AFC
5,Sat Oct 10 2020,Cheltenham Town FC,2-0,Crawley Town FC
5,Sat Oct 10 2020,Walsall FC,1-1,Colchester United FC
5,Sat Oct 10 2020,Mansfield Town FC,0-0,Stevenage FC
5,Sat Oct 10 2020,Oldham Athletic AFC,2-3,Morecambe FC
5,Sat Oct 10 2020,Port Vale FC,0-1,Carlisle United FC
5,Sat Oct 10 2020,Salford City FC,2-2,Tranmere Rovers FC
5,Sat Oct 10 2020,Scunthorpe United FC,1-4,Forest Green Rovers FC
5,Sat Oct 10 2020,Southend United FC,2-2,Exeter City FC
5,Mon Oct 12 2020,Bradford City AFC,0-1,Harrogate Town AFC
3,Tue Oct 13 2020,Cheltenham Town FC,1-3,Grimsby Town FC
3,Tue Oct 13 2020,Walsall FC,2-1,Leyton Orient FC
6,Sat Oct 17 2020,Bolton Wanderers FC,1-2,Oldham Athletic AFC
6,Sat Oct 17 2020,Carlisle United FC,3-2,Colchester United FC
6,Sat Oct 17 2020,Crawley Town FC,4-0,Morecambe FC
6,Sat Oct 17 2020,Walsall FC,0-0,Exeter City FC
6,Sat Oct 17 2020,Forest Green Rovers FC,1-0,Stevenage FC
6,Sat Oct 17 2020,Harrogate Town AFC,1-0,Barrow AFC
6,Sat Oct 17 2020,Mansfield Town FC,1-3,Bradford City AFC
6,Sat Oct 17 2020,Newport County AFC,1-0,Tranmere Rovers FC
6,Sat Oct 17 2020,Port Vale FC,1-0,Salford City FC
6,Sat Oct 17 2020,Scunthorpe United FC,0-5,Cambridge United FC
6,Sat Oct 17 2020,Southend United FC,0-2,Cheltenham Town FC
6,Sat Oct 17 2020,Leyton Orient FC,2-3,Grimsby Town FC
7,Tue Oct 20 2020,Cheltenham Town FC,1-0,Scunthorpe United FC
7,Tue Oct 20 2020,Morecambe FC,1-1,Mansfield Town FC
7,Tue Oct 20 2020,Barrow AFC,3-3,Bolton Wanderers FC
7,Tue Oct 20 2020,Cambridge United FC,3-1,Port Vale FC
7,Tue Oct 20 2020,Colchester United FC,1-0,Forest Green Rovers FC
7,Tue Oct 20 2020,Exeter City FC,2-1,Crawley Town FC
7,Tue Oct 20 2020,Stevenage FC,0-1,Newport County AFC
7,Tue Oct 20 2020,Oldham Athletic AFC,1-1,Carlisle United FC
7,Tue Oct 20 2020,Tranmere Rovers FC,0-1,Leyton Orient FC
7,Tue Oct 20 2020,Bradford City AFC,1-1,Walsall FC
7,Tue Oct 20 2020,Grimsby Town FC,1-2,Harrogate Town AFC
7,Tue Oct 20 2020,Salford City FC,3-0,Southend United FC
8,Sat Oct 24 2020,Exeter City FC,3-1,Scunthorpe United FC
8,Sat Oct 24 2020,Barrow AFC,2-2,Walsall FC
8,Sat Oct 24 2020,Bradford City AFC,0-3,Newport County AFC
8,Sat Oct 24 2020,Cambridge United FC,1-1,Bolton Wanderers FC
8,Sat Oct 24 2020,Cheltenham Town FC,0-0,Mansfield Town FC
8,Sat Oct 24 2020,Colchester United FC,2-1,Harrogate Town AFC
8,Sat Oct 24 2020,Morecambe FC,1-2,Forest Green Rovers FC
8,Sat Oct 24 2020,Stevenage FC,0-2,Leyton Orient FC
8,Sat Oct 24 2020,Grimsby Town FC,1-1,Carlisle United FC
8,Sat Oct 24 2020,Oldham Athletic AFC,1-2,Port Vale FC
8,Sat Oct 24 2020,Salford City FC,1-1,Crawley Town FC
8,Sat Oct 24 2020,Tranmere Rovers FC,2-0,Southend United FC
9,Tue Oct 27 2020,Crawley Town FC,4-0,Tranmere Rovers FC
9,Tue Oct 27 2020,Carlisle United FC,3-1,Morecambe FC
9,Tue Oct 27 2020,Walsall FC,0-2,Cambridge United FC
9,Tue Oct 27 2020,Forest Green Rovers FC,1-0,Grimsby Town FC
9,Tue Oct 27 2020,Harrogate Town AFC,0-0,Stevenage FC
9,Tue Oct 27 2020,Leyton Orient FC,1-1,Exeter City FC
9,Tue Oct 27 2020,Mansfield Town FC,2-4,Barrow AFC
9,Tue Oct 27 2020,Newport County AFC,2-1,Colchester United FC
9,Tue Oct 27 2020,Port Vale FC,2-1,Cheltenham Town FC
9,Tue Oct 27 2020,Southend United FC,1-2,Oldham Athletic AFC
9,Tue Oct 27 2020,Bolton Wanderers FC,1-0,Bradford City AFC
10,Sat Oct 31 2020,Exeter City FC,1-0,Carlisle United FC
10,Sat Oct 31 2020,Barrow AFC,1-0,Bradford City AFC
10,Sat Oct 31 2020,Cheltenham Town FC,2-1,Forest Green Rovers FC
10,Sat Oct 31 2020,Crawley Town FC,2-1,Cambridge United FC
10,Sat Oct 31 2020,Stevenage FC,0-0,Grimsby Town FC
10,Sat Oct 31 2020,Leyton Orient FC,4-0,Bolton Wanderers FC
10,Sat Oct 31 2020,Mansfield Town FC,1-1,Walsall FC
10,Sat Oct 31 2020,Newport County AFC,2-1,Harrogate Town AFC
10,Sat Oct 31 2020,Salford City FC,2-0,Oldham Athletic AFC
10,Sat Oct 31 2020,Southend United FC,0-2,Port Vale FC
10,Sat Oct 31 2020,Tranmere Rovers FC,0-1,Morecambe FC
11,Tue Nov 3 2020,Oldham Athletic AFC,2-1,Cheltenham Town FC
11,Tue Nov 3 2020,Morecambe FC,2-2,Exeter City FC
11,Tue Nov 3 2020,Bradford City AFC,3-0,Southend United FC
11,Tue Nov 3 2020,Cambridge United FC,2-1,Salford City FC
11,Tue Nov 3 2020,Carlisle United FC,3-2,Newport County AFC
11,Tue Nov 3 2020,Colchester United FC,3-1,Stevenage FC
11,Tue Nov 3 2020,Walsall FC,1-0,Crawley Town FC
11,Tue Nov 3 2020,Forest Green Rovers FC,2-1,Leyton Orient FC
11,Tue Nov 3 2020,Grimsby Town FC,1-0,Barrow AFC
11,Tue Nov 3 2020,Harrogate Town AFC,0-1,Tranmere Rovers FC
11,Tue Nov 3 2020,Bolton Wanderers FC,1-1,Mansfield Town FC
12,Fri Nov 13 2020,Bolton Wanderers FC,2-0,Salford City FC
12,Sat Nov 14 2020,Grimsby Town FC,,Newport County AFC
12,Sat Nov 14 2020,Bradford City AFC,2-2,Exeter City FC
12,Sat Nov 14 2020,Cambridge United FC,1-1,Barrow AFC
12,Sat Nov 14 2020,Carlisle United FC,1-2,Cheltenham Town FC
12,Sat Nov 14 2020,Colchester United FC,2-1,Leyton Orient FC
12,Sat Nov 14 2020,Morecambe FC,1-1,Stevenage FC
12,Sat Nov 14 2020,Walsall FC,0-1,Southend United FC
12,Sat Nov 14 2020,Forest Green Rovers FC,1-2,Mansfield Town FC
12,Sat Nov 14 2020,Harrogate Town AFC,1-1,Crawley Town FC
12,Sat Nov 14 2020,Oldham Athletic AFC,0-2,Scunthorpe United FC
12,Sat Nov 14 2020,Port Vale FC,3-4,Tranmere Rovers FC
11,Tue Nov 17 2020,Port Vale FC,,Scunthorpe United FC
13,Fri Nov 20 2020,Mansfield Town FC,,Colchester United FC
13,Sat Nov 21 2020,Barrow AFC,,Forest Green Rovers FC
13,Sat Nov 21 2020,Cheltenham Town FC,,Walsall FC
13,Sat Nov 21 2020,Crawley Town FC,,Carlisle United FC
13,Sat Nov 21 2020,Exeter City FC,,Oldham Athletic AFC
13,Sat Nov 21 2020,Stevenage FC,,Bolton Wanderers FC
13,Sat Nov 21 2020,Leyton Orient FC,,Harrogate Town AFC
13,Sat Nov 21 2020,Newport County AFC,,Port Vale FC
13,Sat Nov 21 2020,Salford City FC,,Bradford City AFC
13,Sat Nov 21 2020,Scunthorpe United FC,,Morecambe FC
13,Sat Nov 21 2020,Southend United FC,,Cambridge United FC
13,Sat Nov 21 2020,Tranmere Rovers FC,,Grimsby Town FC
14,Tue Nov 24 2020,Barrow AFC,,Oldham Athletic AFC
14,Tue Nov 24 2020,Cheltenham Town FC,,Cambridge United FC
14,Tue Nov 24 2020,Crawley Town FC,,Grimsby Town FC
14,Tue Nov 24 2020,Exeter City FC,,Colchester United FC
14,Tue Nov 24 2020,Stevenage FC,,Port Vale FC
14,Tue Nov 24 2020,Leyton Orient FC,,Bradford City AFC
14,Tue Nov 24 2020,Mansfield Town FC,,Harrogate Town AFC
14,Tue Nov 24 2020,Newport County AFC,,Walsall FC
14,Tue Nov 24 2020,Salford City FC,,Morecambe FC
14,Tue Nov 24 2020,Scunthorpe United FC,,Bolton Wanderers FC
14,Tue Nov 24 2020,Southend United FC,,Forest Green Rovers FC
14,Tue Nov 24 2020,Tranmere Rovers FC,,Carlisle United FC
15,Tue Dec 1 2020,Bradford City AFC,,Cheltenham Town FC
15,Tue Dec 1 2020,Cambridge United FC,,Mansfield Town FC
15,Tue Dec 1 2020,Carlisle United FC,,Salford City FC
15,Tue Dec 1 2020,Colchester United FC,,Crawley Town FC
15,Tue Dec 1 2020,Morecambe FC,,Barrow AFC
15,Tue Dec 1 2020,Walsall FC,,Stevenage FC
15,Tue Dec 1 2020,Forest Green Rovers FC,,Newport County AFC
15,Tue Dec 1 2020,Grimsby Town FC,,Exeter City FC
15,Tue Dec 1 2020,Harrogate Town AFC,,Scunthorpe United FC
15,Tue Dec 1 2020,Oldham Athletic AFC,,Tranmere Rovers FC
15,Tue Dec 1 2020,Port Vale FC,,Leyton Orient FC
15,Tue Dec 1 2020,Bolton Wanderers FC,,Southend United FC
16,Sat Dec 5 2020,Barrow AFC,,Salford City FC
16,Sat Dec 5 2020,Bolton Wanderers FC,,Port Vale FC
16,Sat Dec 5 2020,Bradford City AFC,,Carlisle United FC
16,Sat Dec 5 2020,Cambridge United FC,,Oldham Athletic AFC
16,Sat Dec 5 2020,Cheltenham Town FC,,Exeter City FC
16,Sat Dec 5 2020,Colchester United FC,,Grimsby Town FC
16,Sat Dec 5 2020,Stevenage FC,,Southend United FC
16,Sat Dec 5 2020,Harrogate Town AFC,,Forest Green Rovers FC
16,Sat Dec 5 2020,Mansfield Town FC,,Crawley Town FC
16,Sat Dec 5 2020,Newport County AFC,,Morecambe FC
16,Sat Dec 5 2020,Scunthorpe United FC,,Leyton Orient FC
16,Sat Dec 5 2020,Tranmere Rovers FC,,Walsall FC
10,Tue Dec 8 2020,Scunthorpe United FC,,Colchester United FC
17,Sat Dec 12 2020,Carlisle United FC,,Stevenage FC
17,Sat Dec 12 2020,Crawley Town FC,,Barrow AFC
17,Sat Dec 12 2020,Exeter City FC,,Tranmere Rovers FC
17,Sat Dec 12 2020,Morecambe FC,,Harrogate Town AFC
17,Sat Dec 12 2020,Walsall FC,,Bolton Wanderers FC
17,Sat Dec 12 2020,Forest Green Rovers FC,,Cambridge United FC
17,Sat Dec 12 2020,Grimsby Town FC,,Mansfield Town FC
17,Sat Dec 12 2020,Leyton Orient FC,,Newport County AFC
17,Sat Dec 12 2020,Oldham Athletic AFC,,Bradford City AFC
17,Sat Dec 12 2020,Port Vale FC,,Colchester United FC
17,Sat Dec 12 2020,Salford City FC,,Cheltenham Town FC
17,Sat Dec 12 2020,Southend United FC,,Scunthorpe United FC
18,Tue Dec 15 2020,Cambridge United FC,,Colchester United FC
18,Tue Dec 15 2020,Carlisle United FC,,Mansfield Town FC
18,Tue Dec 15 2020,Cheltenham Town FC,,Bolton Wanderers FC
18,Tue Dec 15 2020,Crawley Town FC,,Bradford City AFC
18,Tue Dec 15 2020,Exeter City FC,,Harrogate Town AFC
18,Tue Dec 15 2020,Morecambe FC,,Leyton Orient FC
18,Tue Dec 15 2020,Oldham Athletic AFC,,Walsall FC
18,Tue Dec 15 2020,Port Vale FC,,Forest Green Rovers FC
18,Tue Dec 15 2020,Salford City FC,,Newport County AFC
18,Tue Dec 15 2020,Scunthorpe United FC,,Barrow AFC
18,Tue Dec 15 2020,Southend United FC,,Grimsby Town FC
18,Tue Dec 15 2020,Tranmere Rovers FC,,Stevenage FC
19,Sat Dec 19 2020,Barrow AFC,,Cheltenham Town FC
19,Sat Dec 19 2020,Bolton Wanderers FC,,Tranmere Rovers FC
19,Sat Dec 19 2020,Bradford City AFC,,Cambridge United FC
19,Sat Dec 19 2020,Colchester United FC,,Morecambe FC
19,Sat Dec 19 2020,Stevenage FC,,Exeter City FC
19,Sat Dec 19 2020,Walsall FC,,Port Vale FC
19,Sat Dec 19 2020,Forest Green Rovers FC,,Carlisle United FC
19,Sat Dec 19 2020,Grimsby Town FC,,Scunthorpe United FC
19,Sat Dec 19 2020,Harrogate Town AFC,,Salford City FC
19,Sat Dec 19 2020,Leyton Orient FC,,Crawley Town FC
19,Sat Dec 19 2020,Mansfield Town FC,,Southend United FC
19,Sat Dec 19 2020,Newport County AFC,,Oldham Athletic AFC
4,Tue Dec 22 2020,Grimsby Town FC,,Bradford City AFC
20,Sat Dec 26 2020,Cambridge United FC,,Leyton Orient FC
20,Sat Dec 26 2020,Carlisle United FC,,Bolton Wanderers FC
20,Sat Dec 26 2020,Cheltenham Town FC,,Stevenage FC
20,Sat Dec 26 2020,Crawley Town FC,,Newport County AFC
20,Sat Dec 26 2020,Exeter City FC,,Forest Green Rovers FC
20,Sat Dec 26 2020,Morecambe FC,,Grimsby Town FC
20,Sat Dec 26 2020,Oldham Athletic AFC,,Harrogate Town AFC
20,Sat Dec 26 2020,Port Vale FC,,Barrow AFC
20,Sat Dec 26 2020,Salford City FC,,Walsall FC
20,Sat Dec 26 2020,Scunthorpe United FC,,Mansfield Town FC
20,Sat Dec 26 2020,Southend United FC,,Colchester United FC
20,Sat Dec 26 2020,Tranmere Rovers FC,,Bradford City AFC
21,Tue Dec 29 2020,Barrow AFC,,Tranmere Rovers FC
21,Tue Dec 29 2020,Bradford City AFC,,Port Vale FC
21,Tue Dec 29 2020,Colchester United FC,,Cheltenham Town FC
21,Tue Dec 29 2020,Stevenage FC,,Cambridge United FC
21,Tue Dec 29 2020,Walsall FC,,Scunthorpe United FC
21,Tue Dec 29 2020,Forest Green Rovers FC,,Crawley Town FC
21,Tue Dec 29 2020,Grimsby Town FC,,Oldham Athletic AFC
21,Tue Dec 29 2020,Harrogate Town AFC,,Carlisle United FC
21,Tue Dec 29 2020,Leyton Orient FC,,Southend United FC
21,Tue Dec 29 2020,Mansfield Town FC,,Salford City FC
21,Tue Dec 29 2020,Newport County AFC,,Exeter City FC
21,Tue Dec 29 2020,Bolton Wanderers FC,,Morecambe FC
22,Sat Jan 2 2021,Barrow AFC,,Exeter City FC
22,Sat Jan 2 2021,Bolton Wanderers FC,,Crawley Town FC
22,Sat Jan 2 2021,Bradford City AFC,,Morecambe FC
22,Sat Jan 2 2021,Colchester United FC,,Tranmere Rovers FC
22,Sat Jan 2 2021,Stevenage FC,,Scunthorpe United FC
22,Sat Jan 2 2021,Walsall FC,,Carlisle United FC
22,Sat Jan 2 2021,Forest Green Rovers FC,,Oldham Athletic AFC
22,Sat Jan 2 2021,Grimsby Town FC,,Cambridge United FC
22,Sat Jan 2 2021,Harrogate Town AFC,,Cheltenham Town FC
22,Sat Jan 2 2021,Leyton Orient FC,,Salford City FC
22,Sat Jan 2 2021,Mansfield Town FC,,Port Vale FC
22,Sat Jan 2 2021,Newport County AFC,,Southend United FC
23,Sat Jan 9 2021,Cambridge United FC,,Harrogate Town AFC
23,Sat Jan 9 2021,Carlisle United FC,,Leyton Orient FC
23,Sat Jan 9 2021,Cheltenham Town FC,,Newport County AFC
23,Sat Jan 9 2021,Crawley Town FC,,Stevenage FC
23,Sat Jan 9 2021,Exeter City FC,,Bolton Wanderers FC
23,Sat Jan 9 2021,Morecambe FC,,Walsall FC
23,Sat Jan 9 2021,Oldham Athletic AFC,,Mansfield Town FC
23,Sat Jan 9 2021,Port Vale FC,,Grimsby Town FC
23,Sat Jan 9 2021,Salford City FC,,Colchester United FC
23,Sat Jan 9 2021,Scunthorpe United FC,,Bradford City AFC
23,Sat Jan 9 2021,Southend United FC,,Barrow AFC
23,Sat Jan 9 2021,Tranmere Rovers FC,,Forest Green Rovers FC
9,Tue Jan 12 2021,Scunthorpe United FC,,Salford City FC
24,Sat Jan 16 2021,Barrow AFC,,Scunthorpe United FC
24,Sat Jan 16 2021,Bolton Wanderers FC,,Cheltenham Town FC
24,Sat Jan 16 2021,Bradford City AFC,,Crawley Town FC
24,Sat Jan 16 2021,Colchester United FC,,Cambridge United FC
24,Sat Jan 16 2021,Stevenage FC,,Tranmere Rovers FC
24,Sat Jan 16 2021,Walsall FC,,Oldham Athletic AFC
24,Sat Jan 16 2021,Forest Green Rovers FC,,Port Vale FC
24,Sat Jan 16 2021,Grimsby Town FC,,Southend United FC
24,Sat Jan 16 2021,Harrogate Town AFC,,Exeter City FC
24,Sat Jan 16 2021,Leyton Orient FC,,Morecambe FC
24,Sat Jan 16 2021,Mansfield Town FC,,Carlisle United FC
24,Sat Jan 16 2021,Newport County AFC,,Salford City FC
25,Sat Jan 23 2021,Cambridge United FC,,Bradford City AFC
25,Sat Jan 23 2021,Carlisle United FC,,Forest Green Rovers FC
25,Sat Jan 23 2021,Cheltenham Town FC,,Barrow AFC
25,Sat Jan 23 2021,Crawley Town FC,,Leyton Orient FC
25,Sat Jan 23 2021,Exeter City FC,,Stevenage FC
25,Sat Jan 23 2021,Morecambe FC,,Colchester United FC
25,Sat Jan 23 2021,Oldham Athletic AFC,,Newport County AFC
25,Sat Jan 23 2021,Port Vale FC,,Walsall FC
25,Sat Jan 23 2021,Salford City FC,,Harrogate Town AFC
25,Sat Jan 23 2021,Scunthorpe United FC,,Grimsby Town FC
25,Sat Jan 23 2021,Southend United FC,,Mansfield Town FC
25,Sat Jan 23 2021,Tranmere Rovers FC,,Bolton Wanderers FC
26,Tue Jan 26 2021,Barrow AFC,,Grimsby Town FC
26,Tue Jan 26 2021,Cheltenham Town FC,,Oldham Athletic AFC
26,Tue Jan 26 2021,Crawley Town FC,,Walsall FC
26,Tue Jan 26 2021,Exeter City FC,,Morecambe FC
26,Tue Jan 26 2021,Stevenage FC,,Colchester United FC
26,Tue Jan 26 2021,Leyton Orient FC,,Forest Green Rovers FC
26,Tue Jan 26 2021,Mansfield Town FC,,Bolton Wanderers FC
26,Tue Jan 26 2021,Newport County AFC,,Carlisle United FC
26,Tue Jan 26 2021,Salford City FC,,Cambridge United FC
26,Tue Jan 26 2021,Scunthorpe United FC,,Port Vale FC
26,Tue Jan 26 2021,Southend United FC,,Bradford City AFC
26,Tue Jan 26 2021,Tranmere Rovers FC,,Harrogate Town AFC
27,Sat Jan 30 2021,Bolton Wanderers FC,,Leyton Orient FC
27,Sat Jan 30 2021,Bradford City AFC,,Barrow AFC
27,Sat Jan 30 2021,Cambridge United FC,,Crawley Town FC
27,Sat Jan 30 2021,Carlisle United FC,,Exeter City FC
27,Sat Jan 30 2021,Colchester United FC,,Scunthorpe United FC
27,Sat Jan 30 2021,Morecambe FC,,Tranmere Rovers FC
27,Sat Jan 30 2021,Walsall FC,,Mansfield Town FC
27,Sat Jan 30 2021,Forest Green Rovers FC,,Cheltenham Town FC
27,Sat Jan 30 2021,Grimsby Town FC,,Stevenage FC
27,Sat Jan 30 2021,Harrogate Town AFC,,Newport County AFC
27,Sat Jan 30 2021,Oldham Athletic AFC,,Salford City FC
27,Sat Jan 30 2021,Port Vale FC,,Southend United FC
28,Sat Feb 6 2021,Barrow AFC,,Cambridge United FC
28,Sat Feb 6 2021,Cheltenham Town FC,,Carlisle United FC
28,Sat Feb 6 2021,Crawley Town FC,,Harrogate Town AFC
28,Sat Feb 6 2021,Exeter City FC,,Bradford City AFC
28,Sat Feb 6 2021,Stevenage FC,,Morecambe FC
28,Sat Feb 6 2021,Leyton Orient FC,,Colchester United FC
28,Sat Feb 6 2021,Mansfield Town FC,,Forest Green Rovers FC
28,Sat Feb 6 2021,Newport County AFC,,Grimsby Town FC
28,Sat Feb 6 2021,Salford City FC,,Bolton Wanderers FC
28,Sat Feb 6 2021,Scunthorpe United FC,,Oldham Athletic AFC
28,Sat Feb 6 2021,Southend United FC,,Walsall FC
28,Sat Feb 6 2021,Tranmere Rovers FC,,Port Vale FC
29,Sat Feb 13 2021,Bolton Wanderers FC,,Stevenage FC
29,Sat Feb 13 2021,Bradford City AFC,,Salford City FC
29,Sat Feb 13 2021,Cambridge United FC,,Southend United FC
29,Sat Feb 13 2021,Carlisle United FC,,Crawley Town FC
29,Sat Feb 13 2021,Colchester United FC,,Mansfield Town FC
29,Sat Feb 13 2021,Morecambe FC,,Scunthorpe United FC
29,Sat Feb 13 2021,Walsall FC,,Cheltenham Town FC
29,Sat Feb 13 2021,Forest Green Rovers FC,,Barrow AFC
29,Sat Feb 13 2021,Grimsby Town FC,,Tranmere Rovers FC
29,Sat Feb 13 2021,Harrogate Town AFC,,Leyton Orient FC
29,Sat Feb 13 2021,Oldham Athletic AFC,,Exeter City FC
29,Sat Feb 13 2021,Port Vale FC,,Newport County AFC
30,Sat Feb 20 2021,Barrow AFC,,Morecambe FC
30,Sat Feb 20 2021,Cheltenham Town FC,,Bradford City AFC
30,Sat Feb 20 2021,Crawley Town FC,,Colchester United FC
30,Sat Feb 20 2021,Exeter City FC,,Grimsby Town FC
30,Sat Feb 20 2021,Stevenage FC,,Walsall FC
30,Sat Feb 20 2021,Leyton Orient FC,,Port Vale FC
30,Sat Feb 20 2021,Mansfield Town FC,,Cambridge United FC
30,Sat Feb 20 2021,Newport County AFC,,Forest Green Rovers FC
30,Sat Feb 20 2021,Salford City FC,,Carlisle United FC
30,Sat Feb 20 2021,Scunthorpe United FC,,Harrogate Town AFC
30,Sat Feb 20 2021,Southend United FC,,Bolton Wanderers FC
30,Sat Feb 20 2021,Tranmere Rovers FC,,Oldham Athletic AFC
31,Tue Feb 23 2021,Bradford City AFC,,Leyton Orient FC
31,Tue Feb 23 2021,Cambridge United FC,,Cheltenham Town FC
31,Tue Feb 23 2021,Carlisle United FC,,Tranmere Rovers FC
31,Tue Feb 23 2021,Colchester United FC,,Exeter City FC
31,Tue Feb 23 2021,Morecambe FC,,Salford City FC
31,Tue Feb 23 2021,Walsall FC,,Newport County AFC
31,Tue Feb 23 2021,Forest Green Rovers FC,,Southend United FC
31,Tue Feb 23 2021,Grimsby Town FC,,Crawley Town FC
31,Tue Feb 23 2021,Harrogate Town AFC,,Mansfield Town FC
31,Tue Feb 23 2021,Oldham Athletic AFC,,Barrow AFC
31,Tue Feb 23 2021,Port Vale FC,,Stevenage FC
31,Tue Feb 23 2021,Bolton Wanderers FC,,Scunthorpe United FC
32,Sat Feb 27 2021,Bolton Wanderers FC,,Barrow AFC
32,Sat Feb 27 2021,Carlisle United FC,,Oldham Athletic AFC
32,Sat Feb 27 2021,Crawley Town FC,,Exeter City FC
32,Sat Feb 27 2021,Walsall FC,,Bradford City AFC
32,Sat Feb 27 2021,Forest Green Rovers FC,,Colchester United FC
32,Sat Feb 27 2021,Harrogate Town AFC,,Grimsby Town FC
32,Sat Feb 27 2021,Leyton Orient FC,,Tranmere Rovers FC
32,Sat Feb 27 2021,Mansfield Town FC,,Morecambe FC
32,Sat Feb 27 2021,Newport County AFC,,Stevenage FC
32,Sat Feb 27 2021,Port Vale FC,,Cambridge United FC
32,Sat Feb 27 2021,Scunthorpe United FC,,Cheltenham Town FC
32,Sat Feb 27 2021,Southend United FC,,Salford City FC
33,Tue Mar 2 2021,Barrow AFC,,Harrogate Town AFC
33,Tue Mar 2 2021,Bradford City AFC,,Mansfield Town FC
33,Tue Mar 2 2021,Cambridge United FC,,Scunthorpe United FC
33,Tue Mar 2 2021,Cheltenham Town FC,,Southend United FC
33,Tue Mar 2 2021,Colchester United FC,,Carlisle United FC
33,Tue Mar 2 2021,Exeter City FC,,Walsall FC
33,Tue Mar 2 2021,Morecambe FC,,Crawley Town FC
33,Tue Mar 2 2021,Stevenage FC,,Forest Green Rovers FC
33,Tue Mar 2 2021,Grimsby Town FC,,Leyton Orient FC
33,Tue Mar 2 2021,Oldham Athletic AFC,,Bolton Wanderers FC
33,Tue Mar 2 2021,Salford City FC,,Port Vale FC
33,Tue Mar 2 2021,Tranmere Rovers FC,,Newport County AFC
34,Sat Mar 6 2021,Barrow AFC,,Mansfield Town FC
34,Sat Mar 6 2021,Bradford City AFC,,Bolton Wanderers FC
34,Sat Mar 6 2021,Cambridge United FC,,Walsall FC
34,Sat Mar 6 2021,Cheltenham Town FC,,Port Vale FC
34,Sat Mar 6 2021,Colchester United FC,,Newport County AFC
34,Sat Mar 6 2021,Exeter City FC,,Leyton Orient FC
34,Sat Mar 6 2021,Morecambe FC,,Carlisle United FC
34,Sat Mar 6 2021,Stevenage FC,,Harrogate Town AFC
34,Sat Mar 6 2021,Grimsby Town FC,,Forest Green Rovers FC
34,Sat Mar 6 2021,Oldham Athletic AFC,,Southend United FC
34,Sat Mar 6 2021,Salford City FC,,Scunthorpe United FC
34,Sat Mar 6 2021,Tranmere Rovers FC,,Crawley Town FC
35,Tue Mar 9 2021,Carlisle United FC,,Grimsby Town FC
35,Tue Mar 9 2021,Crawley Town FC,,Salford City FC
35,Tue Mar 9 2021,Walsall FC,,Barrow AFC
35,Tue Mar 9 2021,Forest Green Rovers FC,,Morecambe FC
35,Tue Mar 9 2021,Harrogate Town AFC,,Colchester United FC
35,Tue Mar 9 2021,Leyton Orient FC,,Stevenage FC
35,Tue Mar 9 2021,Mansfield Town FC,,Cheltenham Town FC
35,Tue Mar 9 2021,Newport County AFC,,Bradford City AFC
35,Tue Mar 9 2021,Port Vale FC,,Oldham Athletic AFC
35,Tue Mar 9 2021,Scunthorpe United FC,,Exeter City FC
35,Tue Mar 9 2021,Southend United FC,,Tranmere Rovers FC
35,Tue Mar 9 2021,Bolton Wanderers FC,,Cambridge United FC
36,Sat Mar 13 2021,Carlisle United FC,,Bradford City AFC
36,Sat Mar 13 2021,Crawley Town FC,,Mansfield Town FC
36,Sat Mar 13 2021,Exeter City FC,,Cheltenham Town FC
36,Sat Mar 13 2021,Morecambe FC,,Newport County AFC
36,Sat Mar 13 2021,Walsall FC,,Tranmere Rovers FC
36,Sat Mar 13 2021,Forest Green Rovers FC,,Harrogate Town AFC
36,Sat Mar 13 2021,Grimsby Town FC,,Colchester United FC
36,Sat Mar 13 2021,Leyton Orient FC,,Scunthorpe United FC
36,Sat Mar 13 2021,Oldham Athletic AFC,,Cambridge United FC
36,Sat Mar 13 2021,Port Vale FC,,Bolton Wanderers FC
36,Sat Mar 13 2021,Salford City FC,,Barrow AFC
36,Sat Mar 13 2021,Southend United FC,,Stevenage FC
37,Sat Mar 20 2021,Barrow AFC,,Crawley Town FC
37,Sat Mar 20 2021,Bolton Wanderers FC,,Walsall FC
37,Sat Mar 20 2021,Bradford City AFC,,Oldham Athletic AFC
37,Sat Mar 20 2021,Cambridge United FC,,Forest Green Rovers FC
37,Sat Mar 20 2021,Cheltenham Town FC,,Salford City FC
37,Sat Mar 20 2021,Colchester United FC,,Port Vale FC
37,Sat Mar 20 2021,Stevenage FC,,Carlisle United FC
37,Sat Mar 20 2021,Harrogate Town AFC,,Morecambe FC
37,Sat Mar 20 2021,Mansfield Town FC,,Grimsby Town FC
37,Sat Mar 20 2021,Newport County AFC,,Leyton Orient FC
37,Sat Mar 20 2021,Scunthorpe United FC,,Southend United FC
37,Sat Mar 20 2021,Tranmere Rovers FC,,Exeter City FC
38,Sat Mar 27 2021,Carlisle United FC,,Cambridge United FC
38,Sat Mar 27 2021,Colchester United FC,,Bradford City AFC
38,Sat Mar 27 2021,Crawley Town FC,,Port Vale FC
38,Sat Mar 27 2021,Exeter City FC,,Salford City FC
38,Sat Mar 27 2021,Morecambe FC,,Cheltenham Town FC
38,Sat Mar 27 2021,Stevenage FC,,Barrow AFC
38,Sat Mar 27 2021,Forest Green Rovers FC,,Bolton Wanderers FC
38,Sat Mar 27 2021,Grimsby Town FC,,Walsall FC
38,Sat Mar 27 2021,Harrogate Town AFC,,Southend United FC
38,Sat Mar 27 2021,Leyton Orient FC,,Oldham Athletic AFC
38,Sat Mar 27 2021,Newport County AFC,,Scunthorpe United FC
38,Sat Mar 27 2021,Tranmere Rovers FC,,Mansfield Town FC
39,Fri Apr 2 2021,Barrow AFC,,Newport County AFC
39,Fri Apr 2 2021,Bolton Wanderers FC,,Colchester United FC
39,Fri Apr 2 2021,Bradford City AFC,,Forest Green Rovers FC
39,Fri Apr 2 2021,Cambridge United FC,,Morecambe FC
39,Fri Apr 2 2021,Cheltenham Town FC,,Tranmere Rovers FC
39,Fri Apr 2 2021,Walsall FC,,Harrogate Town AFC
39,Fri Apr 2 2021,Mansfield Town FC,,Leyton Orient FC
39,Fri Apr 2 2021,Oldham Athletic AFC,,Stevenage FC
39,Fri Apr 2 2021,Port Vale FC,,Exeter City FC
39,Fri Apr 2 2021,Salford City FC,,Grimsby Town FC
39,Fri Apr 2 2021,Scunthorpe United FC,,Crawley Town FC
39,Fri Apr 2 2021,Southend United FC,,Carlisle United FC
40,Mon Apr 5 2021,Carlisle United FC,,Scunthorpe United FC
40,Mon Apr 5 2021,Colchester United FC,,Barrow AFC
40,Mon Apr 5 2021,Crawley Town FC,,Oldham Athletic AFC
40,Mon Apr 5 2021,Exeter City FC,,Mansfield Town FC
40,Mon Apr 5 2021,Morecambe FC,,Southend United FC
40,Mon Apr 5 2021,Stevenage FC,,Bradford City AFC
40,Mon Apr 5 2021,Forest Green Rovers FC,,Salford City FC
40,Mon Apr 5 2021,Grimsby Town FC,,Cheltenham Town FC
40,Mon Apr 5 2021,Harrogate Town AFC,,Port Vale FC
40,Mon Apr 5 2021,Leyton Orient FC,,Walsall FC
40,Mon Apr 5 2021,Newport County AFC,,Bolton Wanderers FC
40,Mon Apr 5 2021,Tranmere Rovers FC,,Cambridge United FC
41,Sat Apr 10 2021,Barrow AFC,,Carlisle United FC
41,Sat Apr 10 2021,Bolton Wanderers FC,,Harrogate Town AFC
41,Sat Apr 10 2021,Bradford City AFC,,Grimsby Town FC
41,Sat Apr 10 2021,Cambridge United FC,,Exeter City FC
41,Sat Apr 10 2021,Cheltenham Town FC,,Leyton Orient FC
41,Sat Apr 10 2021,Walsall FC,,Forest Green Rovers FC
41,Sat Apr 10 2021,Mansfield Town FC,,Newport County AFC
41,Sat Apr 10 2021,Oldham Athletic AFC,,Colchester United FC
41,Sat Apr 10 2021,Port Vale FC,,Morecambe FC
41,Sat Apr 10 2021,Salford City FC,,Stevenage FC
41,Sat Apr 10 2021,Scunthorpe United FC,,Tranmere Rovers FC
41,Sat Apr 10 2021,Southend United FC,,Crawley Town FC
42,Sat Apr 17 2021,Carlisle United FC,,Port Vale FC
42,Sat Apr 17 2021,Colchester United FC,,Walsall FC
42,Sat Apr 17 2021,Crawley Town FC,,Cheltenham Town FC
42,Sat Apr 17 2021,Exeter City FC,,Southend United FC
42,Sat Apr 17 2021,Morecambe FC,,Oldham Athletic AFC
42,Sat Apr 17 2021,Stevenage FC,,Mansfield Town FC
42,Sat Apr 17 2021,Forest Green Rovers FC,,Scunthorpe United FC
42,Sat Apr 17 2021,Grimsby Town FC,,Bolton Wanderers FC
42,Sat Apr 17 2021,Harrogate Town AFC,,Bradford City AFC
42,Sat Apr 17 2021,Leyton Orient FC,,Barrow AFC
42,Sat Apr 17 2021,Newport County AFC,,Cambridge United FC
42,Sat Apr 17 2021,Tranmere Rovers FC,,Salford City FC
43,Tue Apr 20 2021,Barrow AFC,,Port Vale FC
43,Tue Apr 20 2021,Bradford City AFC,,Tranmere Rovers FC
43,Tue Apr 20 2021,Colchester United FC,,Southend United FC
43,Tue Apr 20 2021,Stevenage FC,,Cheltenham Town FC
43,Tue Apr 20 2021,Walsall FC,,Salford City FC
43,Tue Apr 20 2021,Forest Green Rovers FC,,Exeter City FC
43,Tue Apr 20 2021,Grimsby Town FC,,Morecambe FC
43,Tue Apr 20 2021,Harrogate Town AFC,,Oldham Athletic AFC
43,Tue Apr 20 2021,Leyton Orient FC,,Cambridge United FC
43,Tue Apr 20 2021,Mansfield Town FC,,Scunthorpe United FC
43,Tue Apr 20 2021,Newport County AFC,,Crawley Town FC
43,Tue Apr 20 2021,Bolton Wanderers FC,,Carlisle United FC
44,Sat Apr 24 2021,Cambridge United FC,,Stevenage FC
44,Sat Apr 24 2021,Carlisle United FC,,Harrogate Town AFC
44,Sat Apr 24 2021,Cheltenham Town FC,,Colchester United FC
44,Sat Apr 24 2021,Crawley Town FC,,Forest Green Rovers FC
44,Sat Apr 24 2021,Exeter City FC,,Newport County AFC
44,Sat Apr 24 2021,Morecambe FC,,Bolton Wanderers FC
44,Sat Apr 24 2021,Oldham Athletic AFC,,Grimsby Town FC
44,Sat Apr 24 2021,Port Vale FC,,Bradford City AFC
44,Sat Apr 24 2021,Salford City FC,,Mansfield Town FC
44,Sat Apr 24 2021,Scunthorpe United FC,,Walsall FC
44,Sat Apr 24 2021,Southend United FC,,Leyton Orient FC
44,Sat Apr 24 2021,Tranmere Rovers FC,,Barrow AFC
45,Sat May 1 2021,Barrow AFC,,Southend United FC
45,Sat May 1 2021,Bolton Wanderers FC,,Exeter City FC
45,Sat May 1 2021,Bradford City AFC,,Scunthorpe United FC
45,Sat May 1 2021,Colchester United FC,,Salford City FC
45,Sat May 1 2021,Stevenage FC,,Crawley Town FC
45,Sat May 1 2021,Walsall FC,,Morecambe FC
45,Sat May 1 2021,Forest Green Rovers FC,,Tranmere Rovers FC
45,Sat May 1 2021,Grimsby Town FC,,Port Vale FC
45,Sat May 1 2021,Harrogate Town AFC,,Cambridge United FC
45,Sat May 1 2021,Leyton Orient FC,,Carlisle United FC
45,Sat May 1 2021,Mansfield Town FC,,Oldham Athletic AFC
45,Sat May 1 2021,Newport County AFC,,Cheltenham Town FC
46,Sat May 8 2021,Cambridge United FC,,Grimsby Town FC
46,Sat May 8 2021,Carlisle United FC,,Walsall FC
46,Sat May 8 2021,Cheltenham Town FC,,Harrogate Town AFC
46,Sat May 8 2021,Crawley Town FC,,Bolton Wanderers FC
46,Sat May 8 2021,Exeter City FC,,Barrow AFC
46,Sat May 8 2021,Morecambe FC,,Bradford City AFC
46,Sat May 8 2021,Oldham Athletic AFC,,Forest Green Rovers FC
46,Sat May 8 2021,Port Vale FC,,Mansfield Town FC
46,Sat May 8 2021,Salford City FC,,Leyton Orient FC
46,Sat May 8 2021,Scunthorpe United FC,,Stevenage FC
46,Sat May 8 2021,Southend United FC,,Newport County AFC
46,Sat May 8 2021,Tranmere Rovers FC,,Colchester United FC
