Round,Date,Team 1,FT,Team 2
1,Fri Aug 10 2001,York City FC,0-1,Rushden & Diamonds (1992-2011)
1,Fri Aug 10 2001,Southend United FC,1-0,Darlington FC
1,Fri Aug 10 2001,Plymouth Argyle FC,0-1,Shrewsbury Town FC
1,Fri Aug 10 2001,Oxford United FC,1-2,Rochdale AFC
1,Fri Aug 10 2001,Macclesfield Town FC,1-3,Swansea City FC
1,Fri Aug 10 2001,Lincoln City FC,1-2,FC Halifax Town
1,Fri Aug 10 2001,Kidderminster Harriers FC,1-0,Scunthorpe United FC
1,Fri Aug 10 2001,Hartlepool United FC,1-1,Mansfield Town FC
1,Fri Aug 10 2001,Exeter City FC,1-3,Hull City AFC
1,Fri Aug 10 2001,Cheltenham Town FC,1-1,Leyton Orient FC
1,Fri Aug 10 2001,Carlisle United FC,0-2,Luton Town FC
1,Fri Aug 10 2001,Bristol Rovers FC,1-0,Torquay United FC
2,Wed Aug 15 2001,Rushden & Diamonds (1992-2011),0-0,Lincoln City FC
2,Fri Aug 17 2001,Darlington FC,2-0,Kidderminster Harriers FC
2,Fri Aug 17 2001,Swansea City FC,0-0,Oxford United FC
2,Fri Aug 17 2001,Shrewsbury Town FC,1-3,Hartlepool United FC
2,Fri Aug 17 2001,Scunthorpe United FC,1-2,Bristol Rovers FC
2,Fri Aug 17 2001,Torquay United FC,0-3,York City FC
2,Fri Aug 17 2001,Mansfield Town FC,0-0,Southend United FC
2,Fri Aug 17 2001,Luton Town FC,2-1,Cheltenham Town FC
2,Fri Aug 17 2001,Leyton Orient FC,0-0,Carlisle United FC
2,Fri Aug 17 2001,Hull City AFC,0-0,Plymouth Argyle FC
2,Fri Aug 17 2001,FC Halifax Town,1-1,Exeter City FC
2,Fri Aug 17 2001,Rochdale AFC,1-1,Macclesfield Town FC
3,Fri Aug 24 2001,York City FC,2-1,Leyton Orient FC
3,Fri Aug 24 2001,Southend United FC,4-1,FC Halifax Town
3,Fri Aug 24 2001,Plymouth Argyle FC,1-2,Rochdale AFC
3,Fri Aug 24 2001,Oxford United FC,0-1,Shrewsbury Town FC
3,Fri Aug 24 2001,Macclesfield Town FC,0-0,Rushden & Diamonds (1992-2011)
3,Fri Aug 24 2001,Lincoln City FC,3-0,Swansea City FC
3,Fri Aug 24 2001,Kidderminster Harriers FC,1-0,Torquay United FC
3,Fri Aug 24 2001,Hartlepool United FC,1-2,Darlington FC
3,Fri Aug 24 2001,Exeter City FC,0-4,Scunthorpe United FC
3,Fri Aug 24 2001,Cheltenham Town FC,2-3,Mansfield Town FC
3,Fri Aug 24 2001,Bristol Rovers FC,3-2,Luton Town FC
3,Fri Aug 24 2001,Carlisle United FC,0-0,Hull City AFC
4,Sun Aug 26 2001,Torquay United FC,2-1,Carlisle United FC
4,Sun Aug 26 2001,Swansea City FC,2-2,Cheltenham Town FC
4,Sun Aug 26 2001,Scunthorpe United FC,1-1,Lincoln City FC
4,Sun Aug 26 2001,Rushden & Diamonds (1992-2011),2-3,Plymouth Argyle FC
4,Sun Aug 26 2001,Rochdale AFC,2-0,Exeter City FC
4,Sun Aug 26 2001,Mansfield Town FC,4-0,Macclesfield Town FC
4,Sun Aug 26 2001,Luton Town FC,2-0,Southend United FC
4,Sun Aug 26 2001,Leyton Orient FC,2-0,Hartlepool United FC
4,Sun Aug 26 2001,Hull City AFC,2-1,Kidderminster Harriers FC
4,Sun Aug 26 2001,FC Halifax Town,0-2,Oxford United FC
4,Sun Aug 26 2001,Darlington FC,1-0,Bristol Rovers FC
4,Mon Aug 27 2001,Shrewsbury Town FC,3-2,York City FC
5,Fri Aug 31 2001,Bristol Rovers FC,0-0,Shrewsbury Town FC
5,Fri Aug 31 2001,Southend United FC,1-2,Leyton Orient FC
5,Fri Aug 31 2001,Oxford United FC,3-2,Rushden & Diamonds (1992-2011)
5,Fri Aug 31 2001,Macclesfield Town FC,4-3,Scunthorpe United FC
5,Fri Aug 31 2001,York City FC,1-0,FC Halifax Town
5,Fri Aug 31 2001,Kidderminster Harriers FC,1-1,Mansfield Town FC
5,Fri Aug 31 2001,Exeter City FC,2-2,Luton Town FC
5,Fri Aug 31 2001,Cheltenham Town FC,2-2,Torquay United FC
5,Fri Aug 31 2001,Carlisle United FC,1-2,Rochdale AFC
5,Fri Aug 31 2001,Lincoln City FC,1-1,Darlington FC
6,Fri Sep 7 2001,Torquay United FC,0-1,Plymouth Argyle FC
6,Fri Sep 7 2001,Swansea City FC,4-2,Exeter City FC
6,Fri Sep 7 2001,Shrewsbury Town FC,2-1,Cheltenham Town FC
6,Fri Sep 7 2001,Scunthorpe United FC,1-0,Hartlepool United FC
6,Fri Sep 7 2001,Rushden & Diamonds (1992-2011),0-1,Southend United FC
6,Fri Sep 7 2001,Rochdale AFC,2-0,Kidderminster Harriers FC
6,Fri Sep 7 2001,Mansfield Town FC,2-1,Lincoln City FC
6,Fri Sep 7 2001,Luton Town FC,1-1,Oxford United FC
6,Fri Sep 7 2001,Leyton Orient FC,3-1,Bristol Rovers FC
6,Fri Sep 7 2001,Hull City AFC,4-0,York City FC
6,Fri Sep 7 2001,FC Halifax Town,0-0,Macclesfield Town FC
6,Fri Sep 7 2001,Darlington FC,2-2,Carlisle United FC
5,Mon Sep 10 2001,Plymouth Argyle FC,3-1,Swansea City FC
7,Thu Sep 13 2001,Mansfield Town FC,2-1,Shrewsbury Town FC
7,Fri Sep 14 2001,Rochdale AFC,2-2,Scunthorpe United FC
7,Fri Sep 14 2001,Torquay United FC,2-1,Darlington FC
7,Fri Sep 14 2001,Swansea City FC,0-2,FC Halifax Town
7,Fri Sep 14 2001,Southend United FC,0-0,Hartlepool United FC
7,Fri Sep 14 2001,York City FC,1-2,Luton Town FC
7,Fri Sep 14 2001,Macclesfield Town FC,0-0,Hull City AFC
7,Fri Sep 14 2001,Lincoln City FC,0-1,Bristol Rovers FC
7,Fri Sep 14 2001,Leyton Orient FC,2-1,Rushden & Diamonds (1992-2011)
7,Fri Sep 14 2001,Kidderminster Harriers FC,0-0,Plymouth Argyle FC
7,Fri Sep 14 2001,Cheltenham Town FC,2-0,Carlisle United FC
7,Fri Sep 14 2001,Exeter City FC,3-2,Oxford United FC
8,Mon Sep 17 2001,Shrewsbury Town FC,4-0,Kidderminster Harriers FC
8,Mon Sep 17 2001,Scunthorpe United FC,2-2,Swansea City FC
8,Mon Sep 17 2001,Rushden & Diamonds (1992-2011),0-0,Torquay United FC
8,Mon Sep 17 2001,Oxford United FC,0-2,Macclesfield Town FC
8,Mon Sep 17 2001,Luton Town FC,1-1,Lincoln City FC
8,Mon Sep 17 2001,Carlisle United FC,2-1,York City FC
8,Mon Sep 17 2001,Hartlepool United FC,0-1,Cheltenham Town FC
8,Mon Sep 17 2001,FC Halifax Town,1-0,Mansfield Town FC
8,Mon Sep 17 2001,Bristol Rovers FC,2-1,Southend United FC
8,Mon Sep 17 2001,Darlington FC,3-0,Leyton Orient FC
8,Mon Sep 17 2001,Hull City AFC,3-1,Rochdale AFC
36,Mon Sep 17 2001,Exeter City FC,2-3,Plymouth Argyle FC
9,Sat Sep 22 2001,Luton Town FC,5-1,Torquay United FC
9,Sat Sep 22 2001,Scunthorpe United FC,0-0,Mansfield Town FC
9,Sat Sep 22 2001,Rushden & Diamonds (1992-2011),1-0,Cheltenham Town FC
9,Sat Sep 22 2001,Plymouth Argyle FC,2-0,Macclesfield Town FC
9,Sat Sep 22 2001,Oxford United FC,2-0,Southend United FC
9,Sat Sep 22 2001,Shrewsbury Town FC,1-0,Rochdale AFC
9,Sat Sep 22 2001,Hull City AFC,2-1,Swansea City FC
9,Sat Sep 22 2001,Hartlepool United FC,1-1,Kidderminster Harriers FC
9,Sat Sep 22 2001,FC Halifax Town,0-0,Leyton Orient FC
9,Sat Sep 22 2001,Bristol Rovers FC,2-2,York City FC
9,Sat Sep 22 2001,Carlisle United FC,2-2,Lincoln City FC
9,Sat Sep 22 2001,Darlington FC,4-0,Exeter City FC
10,Tue Sep 25 2001,York City FC,0-0,Plymouth Argyle FC
10,Tue Sep 25 2001,Torquay United FC,0-0,Scunthorpe United FC
10,Tue Sep 25 2001,Swansea City FC,3-3,Shrewsbury Town FC
10,Tue Sep 25 2001,Southend United FC,3-2,Carlisle United FC
10,Tue Sep 25 2001,Rochdale AFC,2-0,FC Halifax Town
10,Tue Sep 25 2001,Mansfield Town FC,4-2,Hull City AFC
10,Tue Sep 25 2001,Macclesfield Town FC,1-1,Darlington FC
10,Tue Sep 25 2001,Lincoln City FC,2-0,Hartlepool United FC
10,Tue Sep 25 2001,Leyton Orient FC,1-3,Luton Town FC
10,Tue Sep 25 2001,Kidderminster Harriers FC,0-0,Oxford United FC
10,Tue Sep 25 2001,Exeter City FC,1-1,Rushden & Diamonds (1992-2011)
11,Fri Sep 28 2001,Southend United FC,0-1,Cheltenham Town FC
11,Sat Sep 29 2001,Scunthorpe United FC,3-1,Shrewsbury Town FC
11,Sat Sep 29 2001,Rochdale AFC,3-1,Mansfield Town FC
11,Sat Sep 29 2001,Plymouth Argyle FC,2-1,Luton Town FC
11,Sat Sep 29 2001,Lincoln City FC,1-3,York City FC
11,Sat Sep 29 2001,Bristol Rovers FC,1-1,Oxford United FC
11,Sat Sep 29 2001,Kidderminster Harriers FC,0-2,Swansea City FC
11,Sat Sep 29 2001,Hull City AFC,3-0,FC Halifax Town
11,Sat Sep 29 2001,Hartlepool United FC,3-1,Carlisle United FC
11,Sat Sep 29 2001,Exeter City FC,0-0,Macclesfield Town FC
11,Sat Sep 29 2001,Darlington FC,0-0,Rushden & Diamonds (1992-2011)
11,Sat Sep 29 2001,Leyton Orient FC,1-2,Torquay United FC
12,Fri Oct 5 2001,Torquay United FC,2-1,Southend United FC
12,Fri Oct 5 2001,Shrewsbury Town FC,1-1,Hull City AFC
12,Fri Oct 5 2001,Rushden & Diamonds (1992-2011),2-1,Hartlepool United FC
12,Fri Oct 5 2001,Mansfield Town FC,3-2,Leyton Orient FC
12,Fri Oct 5 2001,FC Halifax Town,0-0,Scunthorpe United FC
12,Fri Oct 5 2001,Luton Town FC,5-2,Darlington FC
12,Sat Oct 6 2001,York City FC,2-3,Exeter City FC
12,Sat Oct 6 2001,Oxford United FC,1-1,Plymouth Argyle FC
12,Sat Oct 6 2001,Carlisle United FC,1-0,Bristol Rovers FC
12,Sat Oct 6 2001,Cheltenham Town FC,2-1,Lincoln City FC
12,Sun Oct 7 2001,Macclesfield Town FC,0-1,Kidderminster Harriers FC
12,Tue Oct 9 2001,Swansea City FC,0-1,Rochdale AFC
13,Sat Oct 13 2001,Lincoln City FC,1-0,Oxford United FC
13,Sat Oct 13 2001,Scunthorpe United FC,0-2,Luton Town FC
13,Sat Oct 13 2001,Rochdale AFC,0-0,Rushden & Diamonds (1992-2011)
13,Sat Oct 13 2001,Plymouth Argyle FC,3-0,FC Halifax Town
13,Sat Oct 13 2001,Southend United FC,4-2,Swansea City FC
13,Sat Oct 13 2001,Leyton Orient FC,2-4,Shrewsbury Town FC
13,Sat Oct 13 2001,Kidderminster Harriers FC,0-0,Cheltenham Town FC
13,Sat Oct 13 2001,Hull City AFC,1-0,Torquay United FC
13,Sat Oct 13 2001,Hartlepool United FC,3-0,York City FC
13,Sat Oct 13 2001,Exeter City FC,1-0,Carlisle United FC
13,Sat Oct 13 2001,Bristol Rovers FC,0-2,Macclesfield Town FC
13,Sat Oct 13 2001,Darlington FC,0-1,Mansfield Town FC
14,Sat Oct 20 2001,York City FC,2-1,Southend United FC
14,Sat Oct 20 2001,Torquay United FC,1-0,Hartlepool United FC
14,Sat Oct 20 2001,Swansea City FC,0-1,Leyton Orient FC
14,Sat Oct 20 2001,Rushden & Diamonds (1992-2011),3-3,Hull City AFC
14,Sat Oct 20 2001,Oxford United FC,0-1,Scunthorpe United FC
14,Sat Oct 20 2001,Mansfield Town FC,0-3,Plymouth Argyle FC
14,Sat Oct 20 2001,Macclesfield Town FC,0-1,Lincoln City FC
14,Sat Oct 20 2001,Luton Town FC,0-1,Rochdale AFC
14,Sat Oct 20 2001,FC Halifax Town,0-0,Bristol Rovers FC
14,Sat Oct 20 2001,Carlisle United FC,1-0,Kidderminster Harriers FC
14,Sat Oct 20 2001,Cheltenham Town FC,3-1,Exeter City FC
15,Tue Oct 23 2001,Swansea City FC,2-0,Darlington FC
15,Tue Oct 23 2001,Shrewsbury Town FC,0-2,Rushden & Diamonds (1992-2011)
15,Tue Oct 23 2001,Scunthorpe United FC,2-0,Southend United FC
15,Tue Oct 23 2001,Rochdale AFC,2-2,Cheltenham Town FC
15,Tue Oct 23 2001,Plymouth Argyle FC,2-0,Lincoln City FC
15,Tue Oct 23 2001,Oxford United FC,1-1,Carlisle United FC
15,Tue Oct 23 2001,Mansfield Town FC,2-0,Torquay United FC
15,Tue Oct 23 2001,Macclesfield Town FC,0-1,Hartlepool United FC
15,Tue Oct 23 2001,Kidderminster Harriers FC,4-1,York City FC
15,Tue Oct 23 2001,Hull City AFC,1-1,Leyton Orient FC
15,Tue Oct 23 2001,FC Halifax Town,2-4,Luton Town FC
15,Tue Oct 23 2001,Exeter City FC,1-0,Bristol Rovers FC
16,Sat Oct 27 2001,Carlisle United FC,0-0,FC Halifax Town
16,Sat Oct 27 2001,Torquay United FC,2-1,Shrewsbury Town FC
16,Sat Oct 27 2001,Southend United FC,1-0,Kidderminster Harriers FC
16,Sat Oct 27 2001,Rushden & Diamonds (1992-2011),3-1,Mansfield Town FC
16,Sat Oct 27 2001,Luton Town FC,3-0,Swansea City FC
16,Sat Oct 27 2001,Lincoln City FC,0-0,Exeter City FC
16,Sat Oct 27 2001,Leyton Orient FC,4-2,Rochdale AFC
16,Sat Oct 27 2001,Hartlepool United FC,0-1,Oxford United FC
16,Sat Oct 27 2001,Darlington FC,0-1,Hull City AFC
16,Sat Oct 27 2001,Cheltenham Town FC,3-3,Scunthorpe United FC
16,Sat Oct 27 2001,York City FC,1-0,Macclesfield Town FC
16,Sun Oct 28 2001,Bristol Rovers FC,1-2,Plymouth Argyle FC
17,Sat Nov 3 2001,Swansea City FC,0-0,Rushden & Diamonds (1992-2011)
17,Sat Nov 3 2001,Shrewsbury Town FC,1-1,Lincoln City FC
17,Sat Nov 3 2001,Scunthorpe United FC,4-1,Leyton Orient FC
17,Sat Nov 3 2001,Rochdale AFC,2-0,Torquay United FC
17,Sat Nov 3 2001,Plymouth Argyle FC,1-0,Hartlepool United FC
17,Sat Nov 3 2001,Oxford United FC,2-2,York City FC
17,Sat Nov 3 2001,Exeter City FC,2-1,Southend United FC
17,Sat Nov 3 2001,Macclesfield Town FC,1-1,Carlisle United FC
17,Sat Nov 3 2001,Kidderminster Harriers FC,2-0,Bristol Rovers FC
17,Sat Nov 3 2001,Hull City AFC,5-1,Cheltenham Town FC
17,Sat Nov 3 2001,FC Halifax Town,2-2,Darlington FC
17,Sat Nov 3 2001,Mansfield Town FC,4-1,Luton Town FC
5,Tue Nov 6 2001,Hartlepool United FC,4-0,Hull City AFC
10,Tue Nov 6 2001,Cheltenham Town FC,0-0,Bristol Rovers FC
14,Tue Nov 6 2001,Shrewsbury Town FC,3-0,Darlington FC
18,Fri Nov 9 2001,York City FC,0-2,Scunthorpe United FC
18,Fri Nov 9 2001,Southend United FC,3-0,Macclesfield Town FC
18,Fri Nov 9 2001,Luton Town FC,1-0,Shrewsbury Town FC
18,Fri Nov 9 2001,Cheltenham Town FC,0-0,Plymouth Argyle FC
18,Sat Nov 10 2001,Leyton Orient FC,1-3,Kidderminster Harriers FC
18,Sat Nov 10 2001,Carlisle United FC,0-1,Mansfield Town FC
18,Sat Nov 10 2001,Hartlepool United FC,2-0,Exeter City FC
18,Sat Nov 10 2001,Darlington FC,1-0,Oxford United FC
18,Sat Nov 10 2001,Bristol Rovers FC,0-2,Rochdale AFC
18,Sat Nov 10 2001,Torquay United FC,1-2,Swansea City FC
18,Sat Nov 10 2001,Lincoln City FC,2-1,Hull City AFC
18,Sat Nov 10 2001,Rushden & Diamonds (1992-2011),2-1,FC Halifax Town
19,Tue Nov 20 2001,York City FC,0-2,Swansea City FC
19,Tue Nov 20 2001,Torquay United FC,0-2,Exeter City FC
19,Tue Nov 20 2001,Southend United FC,0-1,Plymouth Argyle FC
19,Tue Nov 20 2001,Rushden & Diamonds (1992-2011),0-0,Scunthorpe United FC
19,Tue Nov 20 2001,Luton Town FC,0-1,Hull City AFC
19,Tue Nov 20 2001,Lincoln City FC,0-1,Kidderminster Harriers FC
19,Tue Nov 20 2001,Leyton Orient FC,3-0,Oxford United FC
19,Tue Nov 20 2001,Hartlepool United FC,3-0,FC Halifax Town
19,Tue Nov 20 2001,Darlington FC,1-0,Rochdale AFC
19,Tue Nov 20 2001,Cheltenham Town FC,4-1,Macclesfield Town FC
19,Tue Nov 20 2001,Carlisle United FC,0-1,Shrewsbury Town FC
19,Tue Nov 20 2001,Bristol Rovers FC,0-1,Mansfield Town FC
20,Fri Nov 23 2001,Swansea City FC,0-1,Hartlepool United FC
20,Fri Nov 23 2001,Mansfield Town FC,1-1,York City FC
20,Sat Nov 24 2001,Exeter City FC,0-0,Leyton Orient FC
20,Sat Nov 24 2001,Scunthorpe United FC,7-1,Darlington FC
20,Sat Nov 24 2001,Rochdale AFC,2-2,Lincoln City FC
20,Sat Nov 24 2001,Shrewsbury Town FC,2-0,Southend United FC
20,Sat Nov 24 2001,Oxford United FC,3-0,Cheltenham Town FC
20,Sat Nov 24 2001,Macclesfield Town FC,4-1,Luton Town FC
20,Sat Nov 24 2001,Kidderminster Harriers FC,3-0,Rushden & Diamonds (1992-2011)
20,Sat Nov 24 2001,Hull City AFC,0-0,Bristol Rovers FC
20,Sat Nov 24 2001,FC Halifax Town,2-0,Torquay United FC
20,Sat Nov 24 2001,Plymouth Argyle FC,3-0,Carlisle United FC
21,Fri Nov 30 2001,Hartlepool United FC,1-1,Rochdale AFC
21,Sat Dec 1 2001,Mansfield Town FC,3-0,Swansea City FC
21,Sat Dec 1 2001,Southend United FC,1-1,Lincoln City FC
21,Sat Dec 1 2001,Shrewsbury Town FC,0-1,Exeter City FC
21,Sat Dec 1 2001,Rushden & Diamonds (1992-2011),3-1,Bristol Rovers FC
21,Sat Dec 1 2001,Torquay United FC,1-2,Macclesfield Town FC
21,Sat Dec 1 2001,Leyton Orient FC,0-0,Plymouth Argyle FC
21,Sat Dec 1 2001,Carlisle United FC,3-0,Scunthorpe United FC
21,Sat Dec 1 2001,Darlington FC,3-1,York City FC
21,Sat Dec 1 2001,Cheltenham Town FC,2-1,FC Halifax Town
21,Sat Dec 1 2001,Hull City AFC,3-0,Oxford United FC
30,Sat Dec 8 2001,Hartlepool United FC,1-2,Luton Town FC
22,Sat Dec 15 2001,York City FC,1-3,Cheltenham Town FC
22,Sat Dec 15 2001,Swansea City FC,0-0,Carlisle United FC
22,Sat Dec 15 2001,Scunthorpe United FC,2-1,Hull City AFC
22,Sat Dec 15 2001,Rochdale AFC,0-1,Southend United FC
22,Sat Dec 15 2001,Plymouth Argyle FC,1-0,Darlington FC
22,Sat Dec 15 2001,Oxford United FC,3-2,Mansfield Town FC
22,Sat Dec 15 2001,Exeter City FC,2-1,Kidderminster Harriers FC
22,Sat Dec 15 2001,Luton Town FC,1-0,Rushden & Diamonds (1992-2011)
22,Sat Dec 15 2001,Lincoln City FC,0-0,Torquay United FC
22,Sat Dec 15 2001,FC Halifax Town,1-2,Shrewsbury Town FC
22,Sat Dec 15 2001,Macclesfield Town FC,2-1,Leyton Orient FC
23,Fri Dec 21 2001,Swansea City FC,2-1,Bristol Rovers FC
23,Fri Dec 21 2001,Shrewsbury Town FC,1-1,Macclesfield Town FC
23,Fri Dec 21 2001,Hull City AFC,0-0,Southend United FC
23,Fri Dec 21 2001,Mansfield Town FC,0-1,Exeter City FC
23,Sat Dec 22 2001,Torquay United FC,3-3,Oxford United FC
23,Sat Dec 22 2001,Scunthorpe United FC,2-1,Plymouth Argyle FC
23,Sat Dec 22 2001,Rushden & Diamonds (1992-2011),3-1,Carlisle United FC
23,Sat Dec 22 2001,Luton Town FC,2-2,Hartlepool United FC
23,Sat Dec 22 2001,Leyton Orient FC,5-0,Lincoln City FC
24,Wed Dec 26 2001,Cheltenham Town FC,1-0,Shrewsbury Town FC
24,Wed Dec 26 2001,Bristol Rovers FC,5-3,Leyton Orient FC
24,Wed Dec 26 2001,Macclesfield Town FC,1-1,FC Halifax Town
24,Wed Dec 26 2001,Oxford United FC,1-2,Luton Town FC
24,Wed Dec 26 2001,Southend United FC,4-2,Rushden & Diamonds (1992-2011)
24,Wed Dec 26 2001,Kidderminster Harriers FC,4-1,Rochdale AFC
24,Wed Dec 26 2001,Plymouth Argyle FC,2-2,Torquay United FC
24,Wed Dec 26 2001,Exeter City FC,0-3,Swansea City FC
25,Sat Dec 29 2001,York City FC,1-1,Shrewsbury Town FC
25,Sat Dec 29 2001,Southend United FC,1-2,Luton Town FC
25,Sat Dec 29 2001,Plymouth Argyle FC,1-0,Rushden & Diamonds (1992-2011)
25,Sat Dec 29 2001,Oxford United FC,6-1,FC Halifax Town
25,Sat Dec 29 2001,Macclesfield Town FC,0-1,Mansfield Town FC
25,Sat Dec 29 2001,Lincoln City FC,3-2,Scunthorpe United FC
25,Sat Dec 29 2001,Bristol Rovers FC,1-0,Darlington FC
25,Sat Dec 29 2001,Hartlepool United FC,3-1,Leyton Orient FC
25,Sat Dec 29 2001,Exeter City FC,1-1,Rochdale AFC
25,Sat Dec 29 2001,Cheltenham Town FC,2-2,Swansea City FC
25,Sat Dec 29 2001,Kidderminster Harriers FC,3-0,Hull City AFC
26,Tue Jan 1 2002,Torquay United FC,0-1,Cheltenham Town FC
27,Sat Jan 5 2002,Torquay United FC,1-4,Kidderminster Harriers FC
27,Sat Jan 5 2002,Swansea City FC,0-0,Lincoln City FC
21,Tue Jan 8 2002,Kidderminster Harriers FC,1-4,Luton Town FC
27,Tue Jan 8 2002,Shrewsbury Town FC,1-0,Oxford United FC
28,Sat Jan 12 2002,Macclesfield Town FC,0-1,Rochdale AFC
28,Sat Jan 12 2002,Southend United FC,1-0,Mansfield Town FC
28,Sat Jan 12 2002,Plymouth Argyle FC,1-0,Hull City AFC
28,Sat Jan 12 2002,Oxford United FC,2-1,Swansea City FC
28,Sat Jan 12 2002,York City FC,1-1,Torquay United FC
28,Sat Jan 12 2002,Bristol Rovers FC,1-1,Scunthorpe United FC
28,Sat Jan 12 2002,Kidderminster Harriers FC,1-0,Darlington FC
28,Sat Jan 12 2002,Hartlepool United FC,2-2,Shrewsbury Town FC
28,Sat Jan 12 2002,Exeter City FC,0-0,FC Halifax Town
28,Sat Jan 12 2002,Cheltenham Town FC,1-1,Luton Town FC
28,Sat Jan 12 2002,Carlisle United FC,6-1,Leyton Orient FC
28,Sat Jan 12 2002,Lincoln City FC,2-4,Rushden & Diamonds (1992-2011)
26,Tue Jan 15 2002,Shrewsbury Town FC,0-1,Bristol Rovers FC
27,Tue Jan 15 2002,Scunthorpe United FC,3-4,Exeter City FC
27,Tue Jan 15 2002,Hull City AFC,0-1,Carlisle United FC
29,Sat Jan 19 2002,Rushden & Diamonds (1992-2011),3-0,York City FC
29,Sat Jan 19 2002,Swansea City FC,0-1,Macclesfield Town FC
29,Sat Jan 19 2002,Shrewsbury Town FC,3-1,Plymouth Argyle FC
29,Sat Jan 19 2002,Scunthorpe United FC,1-0,Kidderminster Harriers FC
29,Sat Jan 19 2002,Torquay United FC,2-1,Bristol Rovers FC
29,Sat Jan 19 2002,Rochdale AFC,1-1,Oxford United FC
29,Sat Jan 19 2002,Darlington FC,2-2,Southend United FC
29,Sat Jan 19 2002,Luton Town FC,1-1,Carlisle United FC
29,Sat Jan 19 2002,Leyton Orient FC,0-2,Cheltenham Town FC
29,Sat Jan 19 2002,Hull City AFC,2-0,Exeter City FC
29,Sat Jan 19 2002,FC Halifax Town,3-0,Lincoln City FC
29,Sat Jan 19 2002,Mansfield Town FC,3-0,Hartlepool United FC
30,Tue Jan 22 2002,York City FC,0-0,Rochdale AFC
30,Tue Jan 22 2002,Southend United FC,2-0,Hull City AFC
30,Tue Jan 22 2002,Plymouth Argyle FC,2-1,Scunthorpe United FC
30,Tue Jan 22 2002,Oxford United FC,1-1,Torquay United FC
30,Tue Jan 22 2002,Macclesfield Town FC,2-1,Shrewsbury Town FC
30,Tue Jan 22 2002,Lincoln City FC,2-0,Leyton Orient FC
30,Tue Jan 22 2002,Kidderminster Harriers FC,2-0,FC Halifax Town
30,Tue Jan 22 2002,Exeter City FC,0-1,Mansfield Town FC
30,Tue Jan 22 2002,Bristol Rovers FC,4-1,Swansea City FC
30,Tue Jan 22 2002,Carlisle United FC,3-0,Rushden & Diamonds (1992-2011)
30,Wed Jan 23 2002,Cheltenham Town FC,0-0,Darlington FC
31,Sat Jan 26 2002,Rochdale AFC,2-0,Swansea City FC
31,Sat Jan 26 2002,Scunthorpe United FC,4-0,FC Halifax Town
31,Sat Jan 26 2002,Southend United FC,1-1,Torquay United FC
31,Sat Jan 26 2002,Plymouth Argyle FC,4-2,Oxford United FC
31,Sat Jan 26 2002,Hull City AFC,3-0,Shrewsbury Town FC
31,Sat Jan 26 2002,Darlington FC,3-2,Luton Town FC
31,Sat Jan 26 2002,Hartlepool United FC,5-1,Rushden & Diamonds (1992-2011)
24,Tue Jan 29 2002,Hartlepool United FC,3-2,Scunthorpe United FC
24,Tue Jan 29 2002,York City FC,2-1,Hull City AFC
26,Tue Jan 29 2002,Darlington FC,2-1,Lincoln City FC
26,Tue Jan 29 2002,Mansfield Town FC,1-1,Kidderminster Harriers FC
26,Tue Jan 29 2002,Rochdale AFC,1-1,Carlisle United FC
27,Tue Jan 29 2002,Rushden & Diamonds (1992-2011),2-0,Macclesfield Town FC
27,Tue Jan 29 2002,FC Halifax Town,1-1,Southend United FC
32,Sat Feb 2 2002,FC Halifax Town,0-1,Hull City AFC
32,Sat Feb 2 2002,Shrewsbury Town FC,2-2,Scunthorpe United FC
32,Sat Feb 2 2002,Rushden & Diamonds (1992-2011),2-1,Darlington FC
32,Sat Feb 2 2002,Oxford United FC,0-0,Bristol Rovers FC
32,Sat Feb 2 2002,Mansfield Town FC,3-1,Rochdale AFC
32,Sat Feb 2 2002,Macclesfield Town FC,1-2,Exeter City FC
32,Sat Feb 2 2002,Luton Town FC,2-0,Plymouth Argyle FC
32,Sat Feb 2 2002,Torquay United FC,1-1,Leyton Orient FC
23,Tue Feb 5 2002,Rochdale AFC,5-4,York City FC
24,Tue Feb 5 2002,Carlisle United FC,1-3,Darlington FC
26,Tue Feb 5 2002,Rushden & Diamonds (1992-2011),2-1,Oxford United FC
26,Tue Feb 5 2002,Hull City AFC,1-1,Hartlepool United FC
26,Tue Feb 5 2002,Swansea City FC,0-1,Plymouth Argyle FC
33,Sat Feb 9 2002,Plymouth Argyle FC,1-0,Mansfield Town FC
33,Sat Feb 9 2002,Scunthorpe United FC,1-0,Oxford United FC
33,Sat Feb 9 2002,Rochdale AFC,1-0,Luton Town FC
33,Sat Feb 9 2002,Southend United FC,0-1,York City FC
33,Sat Feb 9 2002,Lincoln City FC,1-0,Macclesfield Town FC
33,Sat Feb 9 2002,Leyton Orient FC,2-2,Swansea City FC
33,Sat Feb 9 2002,Kidderminster Harriers FC,2-2,Carlisle United FC
33,Sat Feb 9 2002,Hull City AFC,2-1,Rushden & Diamonds (1992-2011)
33,Sat Feb 9 2002,Hartlepool United FC,4-1,Torquay United FC
33,Sat Feb 9 2002,Exeter City FC,0-2,Cheltenham Town FC
33,Sat Feb 9 2002,Darlington FC,3-3,Shrewsbury Town FC
33,Sat Feb 9 2002,Bristol Rovers FC,2-0,FC Halifax Town
22,Tue Feb 12 2002,Bristol Rovers FC,0-1,Hartlepool United FC
23,Tue Feb 12 2002,Darlington FC,0-2,Cheltenham Town FC
24,Tue Feb 12 2002,Lincoln City FC,1-4,Mansfield Town FC
26,Tue Feb 12 2002,Scunthorpe United FC,1-1,Macclesfield Town FC
26,Tue Feb 12 2002,FC Halifax Town,1-1,York City FC
32,Tue Feb 12 2002,Swansea City FC,2-1,Kidderminster Harriers FC
34,Fri Feb 15 2002,Swansea City FC,3-2,Southend United FC
34,Sat Feb 16 2002,Torquay United FC,1-1,Hull City AFC
34,Sat Feb 16 2002,York City FC,1-0,Hartlepool United FC
34,Sat Feb 16 2002,Shrewsbury Town FC,1-0,Leyton Orient FC
34,Sat Feb 16 2002,Rushden & Diamonds (1992-2011),1-1,Rochdale AFC
34,Sat Feb 16 2002,Oxford United FC,2-1,Lincoln City FC
34,Sat Feb 16 2002,Mansfield Town FC,4-2,Darlington FC
34,Sat Feb 16 2002,Carlisle United FC,1-0,Exeter City FC
34,Sat Feb 16 2002,Luton Town FC,2-3,Scunthorpe United FC
34,Sat Feb 16 2002,FC Halifax Town,0-2,Plymouth Argyle FC
34,Sat Feb 16 2002,Macclesfield Town FC,2-1,Bristol Rovers FC
25,Tue Feb 19 2002,Carlisle United FC,2-0,Torquay United FC
27,Tue Feb 19 2002,Leyton Orient FC,1-2,York City FC
27,Tue Feb 19 2002,Luton Town FC,3-0,Bristol Rovers FC
27,Tue Feb 19 2002,Darlington FC,1-1,Hartlepool United FC
31,Tue Feb 19 2002,Kidderminster Harriers FC,0-1,Macclesfield Town FC
32,Tue Feb 19 2002,Cheltenham Town FC,1-1,Southend United FC
35,Fri Feb 22 2002,Hull City AFC,0-1,Macclesfield Town FC
35,Sat Feb 23 2002,Scunthorpe United FC,2-1,Rochdale AFC
35,Sat Feb 23 2002,Shrewsbury Town FC,3-0,Mansfield Town FC
35,Sat Feb 23 2002,Rushden & Diamonds (1992-2011),1-0,Leyton Orient FC
35,Sat Feb 23 2002,Plymouth Argyle FC,2-1,Kidderminster Harriers FC
35,Sat Feb 23 2002,Oxford United FC,1-2,Exeter City FC
35,Sat Feb 23 2002,Luton Town FC,2-1,York City FC
35,Sat Feb 23 2002,Bristol Rovers FC,1-2,Lincoln City FC
35,Sat Feb 23 2002,FC Halifax Town,0-1,Swansea City FC
35,Sat Feb 23 2002,Darlington FC,1-3,Torquay United FC
35,Sat Feb 23 2002,Hartlepool United FC,5-1,Southend United FC
8,Tue Feb 26 2002,Plymouth Argyle FC,3-0,Exeter City FC
36,Tue Feb 26 2002,Mansfield Town FC,2-1,FC Halifax Town
36,Tue Feb 26 2002,Southend United FC,2-1,Bristol Rovers FC
36,Tue Feb 26 2002,Torquay United FC,1-1,Rushden & Diamonds (1992-2011)
36,Tue Feb 26 2002,Swansea City FC,2-2,Scunthorpe United FC
36,Tue Feb 26 2002,Macclesfield Town FC,0-1,Oxford United FC
36,Tue Feb 26 2002,Lincoln City FC,0-1,Luton Town FC
36,Tue Feb 26 2002,Leyton Orient FC,0-0,Darlington FC
36,Tue Feb 26 2002,Kidderminster Harriers FC,1-0,Shrewsbury Town FC
36,Tue Feb 26 2002,Cheltenham Town FC,3-0,Hartlepool United FC
37,Fri Mar 1 2002,Swansea City FC,1-0,Hull City AFC
37,Sat Mar 2 2002,Macclesfield Town FC,1-1,Plymouth Argyle FC
37,Sat Mar 2 2002,Southend United FC,2-2,Oxford United FC
37,Sat Mar 2 2002,Rochdale AFC,1-0,Shrewsbury Town FC
37,Sat Mar 2 2002,Mansfield Town FC,2-1,Scunthorpe United FC
37,Sat Mar 2 2002,Torquay United FC,0-1,Luton Town FC
37,Sat Mar 2 2002,Lincoln City FC,3-1,Carlisle United FC
37,Sat Mar 2 2002,Leyton Orient FC,3-1,FC Halifax Town
37,Sat Mar 2 2002,Kidderminster Harriers FC,3-2,Hartlepool United FC
37,Sat Mar 2 2002,Exeter City FC,4-2,Darlington FC
37,Sat Mar 2 2002,Cheltenham Town FC,1-1,Rushden & Diamonds (1992-2011)
38,Tue Mar 5 2002,Scunthorpe United FC,1-0,Torquay United FC
38,Tue Mar 5 2002,Darlington FC,0-1,Macclesfield Town FC
38,Tue Mar 5 2002,Shrewsbury Town FC,3-0,Swansea City FC
38,Tue Mar 5 2002,Rushden & Diamonds (1992-2011),2-1,Exeter City FC
38,Tue Mar 5 2002,Plymouth Argyle FC,1-0,York City FC
38,Tue Mar 5 2002,Bristol Rovers FC,1-2,Cheltenham Town FC
38,Tue Mar 5 2002,Luton Town FC,3-0,Leyton Orient FC
38,Tue Mar 5 2002,Hull City AFC,4-1,Mansfield Town FC
38,Tue Mar 5 2002,Hartlepool United FC,1-1,Lincoln City FC
38,Tue Mar 5 2002,FC Halifax Town,1-2,Rochdale AFC
38,Tue Mar 5 2002,Carlisle United FC,0-0,Southend United FC
38,Tue Mar 5 2002,Oxford United FC,1-1,Kidderminster Harriers FC
39,Sat Mar 9 2002,Torquay United FC,2-0,Lincoln City FC
39,Sat Mar 9 2002,Southend United FC,0-0,Rochdale AFC
39,Sat Mar 9 2002,Shrewsbury Town FC,3-0,FC Halifax Town
39,Sat Mar 9 2002,Rushden & Diamonds (1992-2011),1-2,Luton Town FC
39,Sat Mar 9 2002,Mansfield Town FC,2-1,Oxford United FC
39,Sat Mar 9 2002,Leyton Orient FC,2-0,Macclesfield Town FC
39,Sat Mar 9 2002,Kidderminster Harriers FC,3-1,Exeter City FC
39,Sat Mar 9 2002,Hull City AFC,0-1,Scunthorpe United FC
39,Sat Mar 9 2002,Hartlepool United FC,1-1,Bristol Rovers FC
39,Sat Mar 9 2002,Cheltenham Town FC,4-0,York City FC
39,Sat Mar 9 2002,Carlisle United FC,3-1,Swansea City FC
23,Tue Mar 12 2002,FC Halifax Town,1-0,Kidderminster Harriers FC
26,Tue Mar 12 2002,Luton Town FC,3-0,Exeter City FC
26,Tue Mar 12 2002,Leyton Orient FC,2-1,Southend United FC
31,Tue Mar 12 2002,Lincoln City FC,0-1,Cheltenham Town FC
31,Tue Mar 12 2002,Bristol Rovers FC,0-0,Carlisle United FC
40,Sat Mar 16 2002,Rochdale AFC,0-0,Hartlepool United FC
40,Sat Mar 16 2002,Swansea City FC,2-0,Mansfield Town FC
40,Sat Mar 16 2002,Scunthorpe United FC,2-1,Carlisle United FC
40,Sat Mar 16 2002,York City FC,2-0,Darlington FC
40,Sat Mar 16 2002,Plymouth Argyle FC,3-0,Leyton Orient FC
40,Sat Mar 16 2002,Oxford United FC,1-0,Hull City AFC
40,Sat Mar 16 2002,Macclesfield Town FC,0-2,Torquay United FC
40,Sat Mar 16 2002,Luton Town FC,1-0,Kidderminster Harriers FC
40,Sat Mar 16 2002,Lincoln City FC,0-1,Southend United FC
40,Sat Mar 16 2002,FC Halifax Town,4-1,Cheltenham Town FC
40,Sat Mar 16 2002,Exeter City FC,2-2,Shrewsbury Town FC
40,Sat Mar 16 2002,Bristol Rovers FC,0-3,Rushden & Diamonds (1992-2011)
31,Tue Mar 19 2002,Leyton Orient FC,2-0,Mansfield Town FC
31,Tue Mar 19 2002,Exeter City FC,2-1,York City FC
32,Tue Mar 19 2002,Carlisle United FC,0-2,Hartlepool United FC
41,Fri Mar 22 2002,Hartlepool United FC,1-2,Macclesfield Town FC
41,Sat Mar 23 2002,Rushden & Diamonds (1992-2011),3-0,Shrewsbury Town FC
41,Sat Mar 23 2002,Torquay United FC,0-0,Mansfield Town FC
41,Sat Mar 23 2002,Southend United FC,2-0,Scunthorpe United FC
41,Sat Mar 23 2002,York City FC,0-1,Kidderminster Harriers FC
41,Sat Mar 23 2002,Luton Town FC,5-0,FC Halifax Town
41,Sat Mar 23 2002,Lincoln City FC,0-1,Plymouth Argyle FC
41,Sat Mar 23 2002,Leyton Orient FC,0-0,Hull City AFC
41,Sat Mar 23 2002,Darlington FC,0-0,Swansea City FC
41,Sat Mar 23 2002,Cheltenham Town FC,1-1,Rochdale AFC
41,Sat Mar 23 2002,Carlisle United FC,2-1,Oxford United FC
41,Sat Mar 23 2002,Bristol Rovers FC,0-0,Exeter City FC
27,Tue Mar 26 2002,Rochdale AFC,1-3,Plymouth Argyle FC
32,Tue Mar 26 2002,York City FC,2-0,Lincoln City FC
34,Tue Mar 26 2002,Cheltenham Town FC,2-1,Kidderminster Harriers FC
42,Fri Mar 29 2002,FC Halifax Town,2-2,Carlisle United FC
42,Sat Mar 30 2002,Rochdale AFC,3-0,Leyton Orient FC
42,Sat Mar 30 2002,Shrewsbury Town FC,0-1,Torquay United FC
42,Sat Mar 30 2002,Scunthorpe United FC,1-2,Cheltenham Town FC
42,Sat Mar 30 2002,Swansea City FC,1-3,Luton Town FC
42,Sat Mar 30 2002,Plymouth Argyle FC,1-0,Bristol Rovers FC
42,Sat Mar 30 2002,Oxford United FC,1-2,Hartlepool United FC
42,Sat Mar 30 2002,Mansfield Town FC,1-4,Rushden & Diamonds (1992-2011)
42,Sat Mar 30 2002,Macclesfield Town FC,2-1,York City FC
42,Sat Mar 30 2002,Kidderminster Harriers FC,2-0,Southend United FC
42,Sat Mar 30 2002,Exeter City FC,1-1,Lincoln City FC
42,Sat Mar 30 2002,Hull City AFC,1-2,Darlington FC
43,Mon Apr 1 2002,Luton Town FC,5-3,Mansfield Town FC
43,Mon Apr 1 2002,York City FC,1-0,Oxford United FC
43,Mon Apr 1 2002,Torquay United FC,3-0,Rochdale AFC
43,Mon Apr 1 2002,Southend United FC,3-1,Exeter City FC
43,Mon Apr 1 2002,Bristol Rovers FC,2-1,Kidderminster Harriers FC
43,Mon Apr 1 2002,Lincoln City FC,1-2,Shrewsbury Town FC
43,Mon Apr 1 2002,Leyton Orient FC,0-0,Scunthorpe United FC
43,Mon Apr 1 2002,Hartlepool United FC,1-0,Plymouth Argyle FC
43,Mon Apr 1 2002,Darlington FC,5-0,FC Halifax Town
43,Mon Apr 1 2002,Cheltenham Town FC,1-0,Hull City AFC
43,Mon Apr 1 2002,Carlisle United FC,3-2,Macclesfield Town FC
43,Mon Apr 1 2002,Rushden & Diamonds (1992-2011),4-0,Swansea City FC
44,Sat Apr 6 2002,Swansea City FC,0-1,York City FC
44,Sat Apr 6 2002,Shrewsbury Town FC,1-0,Carlisle United FC
44,Sat Apr 6 2002,Scunthorpe United FC,1-1,Rushden & Diamonds (1992-2011)
44,Sat Apr 6 2002,Rochdale AFC,3-1,Darlington FC
44,Sat Apr 6 2002,Plymouth Argyle FC,0-0,Southend United FC
44,Sat Apr 6 2002,Oxford United FC,1-1,Leyton Orient FC
44,Sat Apr 6 2002,Mansfield Town FC,2-0,Bristol Rovers FC
44,Sat Apr 6 2002,Macclesfield Town FC,1-0,Cheltenham Town FC
44,Sat Apr 6 2002,FC Halifax Town,0-2,Hartlepool United FC
44,Sat Apr 6 2002,Hull City AFC,0-4,Luton Town FC
44,Sat Apr 6 2002,Kidderminster Harriers FC,1-1,Lincoln City FC
44,Sun Apr 7 2002,Exeter City FC,0-0,Torquay United FC
27,Tue Apr 9 2002,Mansfield Town FC,2-1,Cheltenham Town FC
36,Tue Apr 9 2002,York City FC,0-0,Carlisle United FC
36,Tue Apr 9 2002,Rochdale AFC,3-2,Hull City AFC
45,Sat Apr 13 2002,Rushden & Diamonds (1992-2011),0-2,Kidderminster Harriers FC
45,Sat Apr 13 2002,Torquay United FC,2-4,FC Halifax Town
45,Sat Apr 13 2002,Southend United FC,0-2,Shrewsbury Town FC
45,Sat Apr 13 2002,York City FC,3-1,Mansfield Town FC
45,Sat Apr 13 2002,Luton Town FC,0-0,Macclesfield Town FC
45,Sat Apr 13 2002,Lincoln City FC,1-1,Rochdale AFC
45,Sat Apr 13 2002,Leyton Orient FC,1-1,Exeter City FC
45,Sat Apr 13 2002,Hartlepool United FC,7-1,Swansea City FC
45,Sat Apr 13 2002,Darlington FC,2-1,Scunthorpe United FC
45,Sat Apr 13 2002,Cheltenham Town FC,2-0,Oxford United FC
45,Sat Apr 13 2002,Carlisle United FC,0-2,Plymouth Argyle FC
45,Sat Apr 13 2002,Bristol Rovers FC,1-1,Hull City AFC
39,Mon Apr 15 2002,Darlington FC,1-4,Plymouth Argyle FC
35,Tue Apr 16 2002,Carlisle United FC,0-0,Cheltenham Town FC
37,Tue Apr 16 2002,York City FC,3-0,Bristol Rovers FC
46,Fri Apr 19 2002,Shrewsbury Town FC,0-2,Luton Town FC
46,Fri Apr 19 2002,Plymouth Argyle FC,2-0,Cheltenham Town FC
46,Sat Apr 20 2002,Rochdale AFC,2-1,Bristol Rovers FC
46,Sat Apr 20 2002,Scunthorpe United FC,1-0,York City FC
46,Sat Apr 20 2002,Swansea City FC,2-2,Torquay United FC
46,Sat Apr 20 2002,Oxford United FC,1-2,Darlington FC
46,Sat Apr 20 2002,Mansfield Town FC,2-0,Carlisle United FC
46,Sat Apr 20 2002,Macclesfield Town FC,0-0,Southend United FC
46,Sat Apr 20 2002,Kidderminster Harriers FC,0-1,Leyton Orient FC
46,Sat Apr 20 2002,Hull City AFC,1-1,Lincoln City FC
46,Sat Apr 20 2002,FC Halifax Town,2-4,Rushden & Diamonds (1992-2011)
46,Sat Apr 20 2002,Exeter City FC,0-2,Hartlepool United FC
