Round,Date,Team 1,FT,Team 2
1,Sat Aug 20 1994,Manchester United FC,2-0,Queens Park Rangers FC
1,Sat Aug 20 1994,Ipswich Town FC,0-1,Nottingham Forest FC
1,Sat Aug 20 1994,West Ham United FC,0-0,Leeds United FC
1,Sat Aug 20 1994,Southampton FC,1-1,Blackburn Rovers FC
1,Sat Aug 20 1994,Everton FC,2-2,Aston Villa FC
1,Sat Aug 20 1994,Sheffield Wednesday FC,3-4,Tottenham Hotspur FC
1,Sat Aug 20 1994,Crystal Palace FC,1-6,Liverpool FC
1,Sat Aug 20 1994,Chelsea FC,2-0,Norwich City FC
1,Sat Aug 20 1994,Arsenal FC,3-0,Manchester City FC
1,Sat Aug 20 1994,Coventry City FC,1-1,Wimbledon FC
1,Sun Aug 21 1994,Leicester City FC,1-3,Newcastle United FC
2,Mon Aug 22 1994,Nottingham Forest FC,1-1,Manchester United FC
2,Tue Aug 23 1994,Blackburn Rovers FC,3-0,Leicester City FC
2,Tue Aug 23 1994,Leeds United FC,1-0,Arsenal FC
2,Tue Aug 23 1994,Wimbledon FC,1-1,Ipswich Town FC
2,Wed Aug 24 1994,Aston Villa FC,1-1,Southampton FC
2,Wed Aug 24 1994,Queens Park Rangers FC,3-2,Sheffield Wednesday FC
2,Wed Aug 24 1994,Manchester City FC,3-0,West Ham United FC
2,Wed Aug 24 1994,Newcastle United FC,4-0,Coventry City FC
2,Wed Aug 24 1994,Norwich City FC,0-0,Crystal Palace FC
2,Wed Aug 24 1994,Tottenham Hotspur FC,2-1,Everton FC
3,Sat Aug 27 1994,Aston Villa FC,1-1,Crystal Palace FC
3,Sat Aug 27 1994,Manchester City FC,4-0,Everton FC
3,Sat Aug 27 1994,Wimbledon FC,0-1,Sheffield Wednesday FC
3,Sat Aug 27 1994,Queens Park Rangers FC,1-2,Ipswich Town FC
3,Sat Aug 27 1994,Nottingham Forest FC,1-0,Leicester City FC
3,Sat Aug 27 1994,Blackburn Rovers FC,4-0,Coventry City FC
3,Sat Aug 27 1994,Leeds United FC,2-3,Chelsea FC
3,Sat Aug 27 1994,Norwich City FC,1-0,West Ham United FC
3,Sat Aug 27 1994,Tottenham Hotspur FC,0-1,Manchester United FC
3,Sat Aug 27 1994,Newcastle United FC,5-1,Southampton FC
3,Sun Aug 28 1994,Liverpool FC,3-0,Arsenal FC
4,Mon Aug 29 1994,Coventry City FC,0-1,Aston Villa FC
4,Tue Aug 30 1994,Everton FC,1-2,Nottingham Forest FC
4,Tue Aug 30 1994,Crystal Palace FC,1-2,Leeds United FC
4,Tue Aug 30 1994,Ipswich Town FC,1-3,Tottenham Hotspur FC
4,Wed Aug 31 1994,Manchester United FC,3-0,Wimbledon FC
4,Wed Aug 31 1994,Southampton FC,0-2,Liverpool FC
4,Wed Aug 31 1994,Sheffield Wednesday FC,0-0,Norwich City FC
4,Wed Aug 31 1994,Arsenal FC,0-0,Blackburn Rovers FC
4,Wed Aug 31 1994,West Ham United FC,1-3,Newcastle United FC
4,Wed Aug 31 1994,Leicester City FC,1-1,Queens Park Rangers FC
4,Wed Aug 31 1994,Chelsea FC,3-0,Manchester City FC
5,Sat Sep 10 1994,Liverpool FC,0-0,West Ham United FC
5,Sat Sep 10 1994,Manchester City FC,1-1,Crystal Palace FC
5,Sat Sep 10 1994,Nottingham Forest FC,4-1,Sheffield Wednesday FC
5,Sat Sep 10 1994,Queens Park Rangers FC,2-2,Coventry City FC
5,Sat Sep 10 1994,Norwich City FC,0-0,Arsenal FC
5,Sat Sep 10 1994,Blackburn Rovers FC,3-0,Everton FC
5,Sat Sep 10 1994,Newcastle United FC,4-2,Chelsea FC
5,Sat Sep 10 1994,Aston Villa FC,2-0,Ipswich Town FC
5,Sat Sep 10 1994,Wimbledon FC,2-1,Leicester City FC
5,Sun Sep 11 1994,Leeds United FC,2-1,Manchester United FC
5,Mon Sep 12 1994,Tottenham Hotspur FC,1-2,Southampton FC
6,Sat Sep 17 1994,Everton FC,2-2,Queens Park Rangers FC
6,Sat Sep 17 1994,Crystal Palace FC,0-0,Wimbledon FC
6,Sat Sep 17 1994,Ipswich Town FC,1-2,Norwich City FC
6,Sat Sep 17 1994,Southampton FC,1-1,Nottingham Forest FC
6,Sat Sep 17 1994,Manchester United FC,2-0,Liverpool FC
6,Sat Sep 17 1994,West Ham United FC,1-0,Aston Villa FC
6,Sat Sep 17 1994,Leicester City FC,3-1,Tottenham Hotspur FC
6,Sat Sep 17 1994,Sheffield Wednesday FC,1-1,Manchester City FC
6,Sat Sep 17 1994,Coventry City FC,2-1,Leeds United FC
6,Sun Sep 18 1994,Chelsea FC,1-2,Blackburn Rovers FC
6,Sun Sep 18 1994,Arsenal FC,2-3,Newcastle United FC
7,Sat Sep 24 1994,Everton FC,1-1,Leicester City FC
7,Sat Sep 24 1994,Tottenham Hotspur FC,1-4,Nottingham Forest FC
7,Sat Sep 24 1994,Newcastle United FC,1-1,Liverpool FC
7,Sat Sep 24 1994,Crystal Palace FC,0-1,Chelsea FC
7,Sat Sep 24 1994,Manchester City FC,2-0,Norwich City FC
7,Sat Sep 24 1994,Blackburn Rovers FC,3-1,Aston Villa FC
7,Sat Sep 24 1994,Ipswich Town FC,3-2,Manchester United FC
7,Sat Sep 24 1994,Coventry City FC,1-3,Southampton FC
7,Sat Sep 24 1994,Queens Park Rangers FC,0-1,Wimbledon FC
7,Sun Sep 25 1994,West Ham United FC,0-2,Arsenal FC
7,Mon Sep 26 1994,Sheffield Wednesday FC,1-1,Leeds United FC
8,Sat Oct 1 1994,Wimbledon FC,1-2,Tottenham Hotspur FC
8,Sat Oct 1 1994,Arsenal FC,1-2,Crystal Palace FC
8,Sat Oct 1 1994,Liverpool FC,4-1,Sheffield Wednesday FC
8,Sat Oct 1 1994,Aston Villa FC,0-2,Newcastle United FC
8,Sat Oct 1 1994,Manchester United FC,2-0,Everton FC
8,Sat Oct 1 1994,Leeds United FC,2-0,Manchester City FC
8,Sat Oct 1 1994,Southampton FC,3-1,Ipswich Town FC
8,Sat Oct 1 1994,Norwich City FC,2-1,Blackburn Rovers FC
8,Sun Oct 2 1994,Nottingham Forest FC,3-2,Queens Park Rangers FC
8,Sun Oct 2 1994,Chelsea FC,1-2,West Ham United FC
8,Mon Oct 3 1994,Leicester City FC,2-2,Coventry City FC
9,Sat Oct 8 1994,Chelsea FC,4-0,Leicester City FC
9,Sat Oct 8 1994,Southampton FC,2-0,Everton FC
9,Sat Oct 8 1994,Wimbledon FC,1-3,Arsenal FC
9,Sat Oct 8 1994,Manchester City FC,3-3,Nottingham Forest FC
9,Sat Oct 8 1994,Liverpool FC,3-2,Aston Villa FC
9,Sat Oct 8 1994,Sheffield Wednesday FC,1-0,Manchester United FC
9,Sat Oct 8 1994,Tottenham Hotspur FC,1-1,Queens Park Rangers FC
9,Sat Oct 8 1994,Norwich City FC,2-1,Leeds United FC
9,Sat Oct 8 1994,West Ham United FC,1-0,Crystal Palace FC
9,Sun Oct 9 1994,Newcastle United FC,1-1,Blackburn Rovers FC
9,Mon Oct 10 1994,Coventry City FC,2-0,Ipswich Town FC
10,Sat Oct 15 1994,Everton FC,0-2,Coventry City FC
10,Sat Oct 15 1994,Leeds United FC,1-1,Tottenham Hotspur FC
10,Sat Oct 15 1994,Queens Park Rangers FC,1-2,Manchester City FC
10,Sat Oct 15 1994,Blackburn Rovers FC,3-2,Liverpool FC
10,Sat Oct 15 1994,Aston Villa FC,1-1,Norwich City FC
10,Sat Oct 15 1994,Leicester City FC,4-3,Southampton FC
10,Sat Oct 15 1994,Arsenal FC,3-1,Chelsea FC
10,Sat Oct 15 1994,Crystal Palace FC,0-1,Newcastle United FC
10,Sat Oct 15 1994,Manchester United FC,1-0,West Ham United FC
10,Sun Oct 16 1994,Ipswich Town FC,1-2,Sheffield Wednesday FC
10,Mon Oct 17 1994,Nottingham Forest FC,3-1,Wimbledon FC
11,Sat Oct 22 1994,Manchester City FC,5-2,Tottenham Hotspur FC
11,Sat Oct 22 1994,West Ham United FC,2-0,Southampton FC
11,Sat Oct 22 1994,Crystal Palace FC,1-0,Everton FC
11,Sat Oct 22 1994,Newcastle United FC,2-1,Sheffield Wednesday FC
11,Sat Oct 22 1994,Liverpool FC,3-0,Wimbledon FC
11,Sat Oct 22 1994,Norwich City FC,4-2,Queens Park Rangers FC
11,Sat Oct 22 1994,Aston Villa FC,0-2,Nottingham Forest FC
11,Sun Oct 23 1994,Arsenal FC,2-1,Coventry City FC
11,Sun Oct 23 1994,Blackburn Rovers FC,2-4,Manchester United FC
11,Sun Oct 23 1994,Chelsea FC,2-0,Ipswich Town FC
11,Mon Oct 24 1994,Leeds United FC,2-1,Leicester City FC
12,Sat Oct 29 1994,Coventry City FC,1-0,Manchester City FC
12,Sat Oct 29 1994,Everton FC,1-1,Arsenal FC
12,Sat Oct 29 1994,Southampton FC,1-3,Leeds United FC
12,Sat Oct 29 1994,Tottenham Hotspur FC,3-1,West Ham United FC
12,Sat Oct 29 1994,Ipswich Town FC,1-3,Liverpool FC
12,Sat Oct 29 1994,Manchester United FC,2-0,Newcastle United FC
12,Sat Oct 29 1994,Nottingham Forest FC,0-2,Blackburn Rovers FC
12,Sat Oct 29 1994,Sheffield Wednesday FC,1-1,Chelsea FC
12,Sat Oct 29 1994,Queens Park Rangers FC,2-0,Aston Villa FC
12,Sat Oct 29 1994,Leicester City FC,0-1,Crystal Palace FC
12,Sun Oct 30 1994,Wimbledon FC,1-0,Norwich City FC
13,Mon Oct 31 1994,Queens Park Rangers FC,2-1,Liverpool FC
13,Tue Nov 1 1994,Ipswich Town FC,2-0,Leeds United FC
13,Tue Nov 1 1994,Everton FC,1-0,West Ham United FC
13,Wed Nov 2 1994,Sheffield Wednesday FC,0-1,Blackburn Rovers FC
13,Wed Nov 2 1994,Southampton FC,1-1,Norwich City FC
13,Wed Nov 2 1994,Coventry City FC,1-4,Crystal Palace FC
14,Sat Nov 5 1994,Leeds United FC,3-1,Wimbledon FC
14,Sat Nov 5 1994,Newcastle United FC,2-1,Queens Park Rangers FC
14,Sat Nov 5 1994,West Ham United FC,1-0,Leicester City FC
14,Sat Nov 5 1994,Liverpool FC,1-0,Nottingham Forest FC
14,Sat Nov 5 1994,Crystal Palace FC,3-0,Ipswich Town FC
14,Sat Nov 5 1994,Manchester City FC,3-3,Southampton FC
14,Sat Nov 5 1994,Blackburn Rovers FC,2-0,Tottenham Hotspur FC
14,Sat Nov 5 1994,Norwich City FC,0-0,Everton FC
14,Sun Nov 6 1994,Chelsea FC,2-2,Coventry City FC
14,Sun Nov 6 1994,Aston Villa FC,1-2,Manchester United FC
14,Sun Nov 6 1994,Arsenal FC,0-0,Sheffield Wednesday FC
13,Mon Nov 7 1994,Nottingham Forest FC,0-0,Newcastle United FC
2,Wed Nov 9 1994,Liverpool FC,3-1,Chelsea FC
13,Wed Nov 9 1994,Wimbledon FC,4-3,Aston Villa FC
13,Thu Nov 10 1994,Manchester United FC,5-0,Manchester City FC
15,Sat Nov 19 1994,Southampton FC,1-0,Arsenal FC
15,Sat Nov 19 1994,Tottenham Hotspur FC,3-4,Aston Villa FC
15,Sat Nov 19 1994,Manchester United FC,3-0,Crystal Palace FC
15,Sat Nov 19 1994,Queens Park Rangers FC,3-2,Leeds United FC
15,Sat Nov 19 1994,Ipswich Town FC,1-3,Blackburn Rovers FC
15,Sat Nov 19 1994,Sheffield Wednesday FC,1-0,West Ham United FC
15,Sat Nov 19 1994,Nottingham Forest FC,0-1,Chelsea FC
15,Sat Nov 19 1994,Coventry City FC,1-0,Norwich City FC
15,Sat Nov 19 1994,Wimbledon FC,3-2,Newcastle United FC
15,Sun Nov 20 1994,Leicester City FC,0-1,Manchester City FC
15,Mon Nov 21 1994,Everton FC,2-0,Liverpool FC
13,Wed Nov 23 1994,Leicester City FC,2-1,Arsenal FC
13,Wed Nov 23 1994,Tottenham Hotspur FC,0-0,Chelsea FC
16,Sat Nov 26 1994,Arsenal FC,0-0,Manchester United FC
16,Sat Nov 26 1994,Leeds United FC,1-0,Nottingham Forest FC
16,Sat Nov 26 1994,Chelsea FC,0-1,Everton FC
16,Sat Nov 26 1994,Blackburn Rovers FC,4-0,Queens Park Rangers FC
16,Sat Nov 26 1994,Crystal Palace FC,0-0,Southampton FC
16,Sat Nov 26 1994,West Ham United FC,0-1,Coventry City FC
16,Sat Nov 26 1994,Liverpool FC,1-1,Tottenham Hotspur FC
16,Sat Nov 26 1994,Norwich City FC,2-1,Leicester City FC
16,Sat Nov 26 1994,Manchester City FC,2-0,Wimbledon FC
16,Sat Nov 26 1994,Newcastle United FC,1-1,Ipswich Town FC
16,Sun Nov 27 1994,Aston Villa FC,1-1,Sheffield Wednesday FC
17,Sat Dec 3 1994,Ipswich Town FC,1-2,Manchester City FC
17,Sat Dec 3 1994,Tottenham Hotspur FC,4-2,Newcastle United FC
17,Sat Dec 3 1994,Coventry City FC,1-1,Liverpool FC
17,Sat Dec 3 1994,Nottingham Forest FC,2-2,Arsenal FC
17,Sat Dec 3 1994,Leicester City FC,1-1,Aston Villa FC
17,Sat Dec 3 1994,Manchester United FC,1-0,Norwich City FC
17,Sat Dec 3 1994,Wimbledon FC,0-3,Blackburn Rovers FC
17,Sat Dec 3 1994,Sheffield Wednesday FC,1-0,Crystal Palace FC
17,Sat Dec 3 1994,Southampton FC,0-1,Chelsea FC
17,Sun Dec 4 1994,Queens Park Rangers FC,2-1,West Ham United FC
17,Mon Dec 5 1994,Everton FC,3-0,Leeds United FC
18,Sat Dec 10 1994,Tottenham Hotspur FC,3-1,Sheffield Wednesday FC
18,Sat Dec 10 1994,Blackburn Rovers FC,3-2,Southampton FC
18,Sat Dec 10 1994,Aston Villa FC,0-0,Everton FC
18,Sat Dec 10 1994,Newcastle United FC,3-1,Leicester City FC
18,Sat Dec 10 1994,Queens Park Rangers FC,2-3,Manchester United FC
18,Sat Dec 10 1994,Nottingham Forest FC,4-1,Ipswich Town FC
18,Sat Dec 10 1994,Leeds United FC,2-2,West Ham United FC
18,Sat Dec 10 1994,Wimbledon FC,2-0,Coventry City FC
18,Sat Dec 10 1994,Norwich City FC,3-0,Chelsea FC
18,Sun Dec 11 1994,Liverpool FC,0-0,Crystal Palace FC
18,Mon Dec 12 1994,Manchester City FC,1-2,Arsenal FC
19,Fri Dec 16 1994,Ipswich Town FC,2-2,Wimbledon FC
19,Sat Dec 17 1994,Sheffield Wednesday FC,0-2,Queens Park Rangers FC
19,Sat Dec 17 1994,Everton FC,0-0,Tottenham Hotspur FC
19,Sat Dec 17 1994,Crystal Palace FC,0-1,Norwich City FC
19,Sat Dec 17 1994,West Ham United FC,3-0,Manchester City FC
19,Sat Dec 17 1994,Coventry City FC,0-0,Newcastle United FC
19,Sat Dec 17 1994,Arsenal FC,1-3,Leeds United FC
19,Sat Dec 17 1994,Manchester United FC,1-2,Nottingham Forest FC
19,Sat Dec 17 1994,Leicester City FC,0-0,Blackburn Rovers FC
19,Sun Dec 18 1994,Chelsea FC,0-0,Liverpool FC
19,Mon Dec 19 1994,Southampton FC,2-1,Aston Villa FC
20,Mon Dec 26 1994,West Ham United FC,1-1,Ipswich Town FC
20,Mon Dec 26 1994,Norwich City FC,0-2,Tottenham Hotspur FC
20,Mon Dec 26 1994,Southampton FC,2-3,Wimbledon FC
20,Mon Dec 26 1994,Manchester City FC,1-3,Blackburn Rovers FC
20,Mon Dec 26 1994,Leicester City FC,1-2,Liverpool FC
20,Mon Dec 26 1994,Coventry City FC,0-0,Nottingham Forest FC
20,Mon Dec 26 1994,Chelsea FC,2-3,Manchester United FC
20,Mon Dec 26 1994,Leeds United FC,0-0,Newcastle United FC
20,Mon Dec 26 1994,Crystal Palace FC,0-0,Queens Park Rangers FC
20,Mon Dec 26 1994,Arsenal FC,0-0,Aston Villa FC
20,Mon Dec 26 1994,Everton FC,1-4,Sheffield Wednesday FC
21,Tue Dec 27 1994,Tottenham Hotspur FC,0-0,Crystal Palace FC
21,Tue Dec 27 1994,Nottingham Forest FC,1-0,Norwich City FC
21,Wed Dec 28 1994,Queens Park Rangers FC,2-2,Southampton FC
21,Wed Dec 28 1994,Sheffield Wednesday FC,5-1,Coventry City FC
21,Wed Dec 28 1994,Manchester United FC,1-1,Leicester City FC
21,Wed Dec 28 1994,Wimbledon FC,1-0,West Ham United FC
21,Wed Dec 28 1994,Liverpool FC,2-0,Manchester City FC
21,Wed Dec 28 1994,Aston Villa FC,3-0,Chelsea FC
21,Wed Dec 28 1994,Ipswich Town FC,0-2,Arsenal FC
22,Sat Dec 31 1994,Coventry City FC,0-4,Tottenham Hotspur FC
22,Sat Dec 31 1994,Leeds United FC,0-2,Liverpool FC
22,Sat Dec 31 1994,Arsenal FC,1-3,Queens Park Rangers FC
22,Sat Dec 31 1994,Manchester City FC,2-2,Aston Villa FC
22,Sat Dec 31 1994,Leicester City FC,0-1,Sheffield Wednesday FC
22,Sat Dec 31 1994,Norwich City FC,2-1,Newcastle United FC
22,Sat Dec 31 1994,Everton FC,4-1,Ipswich Town FC
22,Sat Dec 31 1994,Chelsea FC,1-1,Wimbledon FC
22,Sat Dec 31 1994,Crystal Palace FC,0-1,Blackburn Rovers FC
22,Sat Dec 31 1994,Southampton FC,2-2,Manchester United FC
22,Sat Dec 31 1994,West Ham United FC,3-1,Nottingham Forest FC
23,Mon Jan 2 1995,Nottingham Forest FC,1-0,Crystal Palace FC
23,Mon Jan 2 1995,Tottenham Hotspur FC,1-0,Arsenal FC
23,Mon Jan 2 1995,Aston Villa FC,0-0,Leeds United FC
23,Mon Jan 2 1995,Sheffield Wednesday FC,1-1,Southampton FC
23,Mon Jan 2 1995,Wimbledon FC,2-1,Everton FC
23,Mon Jan 2 1995,Blackburn Rovers FC,4-2,West Ham United FC
23,Mon Jan 2 1995,Ipswich Town FC,4-1,Leicester City FC
23,Mon Jan 2 1995,Liverpool FC,4-0,Norwich City FC
23,Mon Jan 2 1995,Newcastle United FC,0-0,Manchester City FC
23,Tue Jan 3 1995,Manchester United FC,2-0,Coventry City FC
24,Sat Jan 14 1995,Crystal Palace FC,2-0,Leicester City FC
24,Sat Jan 14 1995,Manchester City FC,0-0,Coventry City FC
24,Sat Jan 14 1995,Blackburn Rovers FC,3-0,Nottingham Forest FC
24,Sat Jan 14 1995,Arsenal FC,1-1,Everton FC
24,Sat Jan 14 1995,West Ham United FC,1-2,Tottenham Hotspur FC
24,Sat Jan 14 1995,Liverpool FC,0-1,Ipswich Town FC
24,Sat Jan 14 1995,Aston Villa FC,2-1,Queens Park Rangers FC
24,Sat Jan 14 1995,Norwich City FC,1-2,Wimbledon FC
24,Sat Jan 14 1995,Leeds United FC,0-0,Southampton FC
24,Sat Jan 14 1995,Chelsea FC,1-1,Sheffield Wednesday FC
24,Sun Jan 15 1995,Newcastle United FC,1-1,Manchester United FC
25,Sat Jan 21 1995,Ipswich Town FC,2-2,Chelsea FC
25,Sat Jan 21 1995,Nottingham Forest FC,1-2,Aston Villa FC
25,Sat Jan 21 1995,Coventry City FC,0-1,Arsenal FC
25,Sat Jan 21 1995,Sheffield Wednesday FC,0-0,Newcastle United FC
25,Sat Jan 21 1995,Everton FC,3-1,Crystal Palace FC
25,Sun Jan 22 1995,Manchester United FC,1-0,Blackburn Rovers FC
26,Mon Jan 23 1995,West Ham United FC,0-2,Sheffield Wednesday FC
26,Tue Jan 24 1995,Leeds United FC,4-0,Queens Park Rangers FC
26,Tue Jan 24 1995,Arsenal FC,1-1,Southampton FC
26,Tue Jan 24 1995,Liverpool FC,0-0,Everton FC
26,Wed Jan 25 1995,Chelsea FC,0-2,Nottingham Forest FC
26,Wed Jan 25 1995,Newcastle United FC,2-1,Wimbledon FC
26,Wed Jan 25 1995,Manchester City FC,0-1,Leicester City FC
26,Wed Jan 25 1995,Crystal Palace FC,1-1,Manchester United FC
26,Wed Jan 25 1995,Aston Villa FC,1-0,Tottenham Hotspur FC
26,Wed Jan 25 1995,Norwich City FC,2-2,Coventry City FC
26,Sat Jan 28 1995,Blackburn Rovers FC,4-1,Ipswich Town FC
21,Wed Feb 1 1995,Newcastle United FC,2-0,Everton FC
21,Wed Feb 1 1995,Blackburn Rovers FC,1-1,Leeds United FC
27,Sat Feb 4 1995,Wimbledon FC,0-0,Leeds United FC
27,Sat Feb 4 1995,Leicester City FC,1-2,West Ham United FC
27,Sat Feb 4 1995,Queens Park Rangers FC,3-0,Newcastle United FC
27,Sat Feb 4 1995,Manchester United FC,1-0,Aston Villa FC
27,Sat Feb 4 1995,Sheffield Wednesday FC,3-1,Arsenal FC
27,Sat Feb 4 1995,Ipswich Town FC,0-2,Crystal Palace FC
27,Sat Feb 4 1995,Coventry City FC,2-2,Chelsea FC
27,Sat Feb 4 1995,Nottingham Forest FC,1-1,Liverpool FC
27,Sat Feb 4 1995,Southampton FC,2-2,Manchester City FC
27,Sat Feb 4 1995,Everton FC,2-1,Norwich City FC
27,Sun Feb 5 1995,Tottenham Hotspur FC,3-1,Blackburn Rovers FC
28,Sat Feb 11 1995,Chelsea FC,1-1,Tottenham Hotspur FC
28,Sat Feb 11 1995,Liverpool FC,1-1,Queens Park Rangers FC
28,Sat Feb 11 1995,Norwich City FC,2-2,Southampton FC
28,Sat Feb 11 1995,Arsenal FC,1-1,Leicester City FC
28,Sat Feb 11 1995,Aston Villa FC,7-1,Wimbledon FC
28,Sat Feb 11 1995,Newcastle United FC,2-1,Nottingham Forest FC
28,Sat Feb 11 1995,Crystal Palace FC,0-2,Coventry City FC
28,Sat Feb 11 1995,Manchester City FC,0-3,Manchester United FC
28,Sun Feb 12 1995,Blackburn Rovers FC,3-1,Sheffield Wednesday FC
28,Mon Feb 13 1995,West Ham United FC,2-2,Everton FC
29,Sat Feb 18 1995,Sheffield Wednesday FC,1-2,Aston Villa FC
29,Sat Feb 18 1995,Coventry City FC,2-0,West Ham United FC
30,Tue Feb 21 1995,Arsenal FC,1-0,Nottingham Forest FC
30,Wed Feb 22 1995,Blackburn Rovers FC,2-1,Wimbledon FC
30,Wed Feb 22 1995,Aston Villa FC,4-4,Leicester City FC
30,Wed Feb 22 1995,Manchester City FC,2-0,Ipswich Town FC
30,Wed Feb 22 1995,Leeds United FC,1-0,Everton FC
30,Wed Feb 22 1995,Norwich City FC,0-2,Manchester United FC
31,Sat Feb 25 1995,Tottenham Hotspur FC,1-2,Wimbledon FC
31,Sat Feb 25 1995,Ipswich Town FC,2-1,Southampton FC
31,Sat Feb 25 1995,Blackburn Rovers FC,0-0,Norwich City FC
31,Sat Feb 25 1995,Crystal Palace FC,0-3,Arsenal FC
31,Sat Feb 25 1995,Everton FC,1-0,Manchester United FC
31,Sat Feb 25 1995,Sheffield Wednesday FC,1-2,Liverpool FC
31,Sat Feb 25 1995,Newcastle United FC,3-1,Aston Villa FC
31,Sat Feb 25 1995,West Ham United FC,1-2,Chelsea FC
31,Sat Feb 25 1995,Manchester City FC,0-0,Leeds United FC
31,Sat Feb 25 1995,Coventry City FC,4-2,Leicester City FC
31,Sun Feb 26 1995,Queens Park Rangers FC,1-1,Nottingham Forest FC
29,Tue Feb 28 1995,Ipswich Town FC,0-2,Newcastle United FC
32,Sat Mar 4 1995,Manchester United FC,9-0,Ipswich Town FC
32,Sat Mar 4 1995,Aston Villa FC,0-1,Blackburn Rovers FC
32,Sat Mar 4 1995,Nottingham Forest FC,2-2,Tottenham Hotspur FC
32,Sat Mar 4 1995,Leeds United FC,0-1,Sheffield Wednesday FC
32,Sat Mar 4 1995,Southampton FC,0-0,Coventry City FC
32,Sat Mar 4 1995,Wimbledon FC,1-3,Queens Park Rangers FC
32,Sat Mar 4 1995,Norwich City FC,1-1,Manchester City FC
32,Sat Mar 4 1995,Liverpool FC,2-0,Newcastle United FC
32,Sat Mar 4 1995,Leicester City FC,2-2,Everton FC
32,Sun Mar 5 1995,Arsenal FC,0-1,West Ham United FC
32,Sun Mar 5 1995,Chelsea FC,0-0,Crystal Palace FC
33,Mon Mar 6 1995,Aston Villa FC,0-0,Coventry City FC
33,Tue Mar 7 1995,Wimbledon FC,0-1,Manchester United FC
33,Wed Mar 8 1995,Manchester City FC,1-2,Chelsea FC
33,Wed Mar 8 1995,Norwich City FC,0-0,Sheffield Wednesday FC
33,Wed Mar 8 1995,Blackburn Rovers FC,3-1,Arsenal FC
33,Wed Mar 8 1995,Queens Park Rangers FC,2-0,Leicester City FC
33,Wed Mar 8 1995,Nottingham Forest FC,2-1,Everton FC
33,Wed Mar 8 1995,Tottenham Hotspur FC,3-0,Ipswich Town FC
33,Wed Mar 8 1995,Newcastle United FC,2-0,West Ham United FC
34,Sat Mar 11 1995,Coventry City FC,1-1,Blackburn Rovers FC
34,Sat Mar 11 1995,Chelsea FC,0-3,Leeds United FC
34,Sat Mar 11 1995,Leicester City FC,2-4,Nottingham Forest FC
34,Sat Mar 11 1995,Sheffield Wednesday FC,0-1,Wimbledon FC
34,Sat Mar 11 1995,West Ham United FC,2-2,Norwich City FC
30,Tue Mar 14 1995,Liverpool FC,2-3,Coventry City FC
30,Tue Mar 14 1995,Crystal Palace FC,2-1,Sheffield Wednesday FC
25,Wed Mar 15 1995,Queens Park Rangers FC,2-0,Norwich City FC
25,Wed Mar 15 1995,Southampton FC,1-1,West Ham United FC
25,Wed Mar 15 1995,Leicester City FC,1-3,Leeds United FC
34,Wed Mar 15 1995,Everton FC,1-1,Manchester City FC
34,Wed Mar 15 1995,Manchester United FC,0-0,Tottenham Hotspur FC
35,Sat Mar 18 1995,Blackburn Rovers FC,2-1,Chelsea FC
35,Sat Mar 18 1995,Tottenham Hotspur FC,1-0,Leicester City FC
35,Sat Mar 18 1995,Leeds United FC,3-0,Coventry City FC
35,Sat Mar 18 1995,Manchester City FC,3-2,Sheffield Wednesday FC
35,Sat Mar 18 1995,Queens Park Rangers FC,2-3,Everton FC
35,Sat Mar 18 1995,Wimbledon FC,2-0,Crystal Palace FC
35,Sat Mar 18 1995,Aston Villa FC,0-2,West Ham United FC
35,Sat Mar 18 1995,Nottingham Forest FC,3-0,Southampton FC
35,Sun Mar 19 1995,Liverpool FC,2-0,Manchester United FC
35,Sun Mar 19 1995,Newcastle United FC,1-0,Arsenal FC
35,Mon Mar 20 1995,Norwich City FC,3-0,Ipswich Town FC
29,Tue Mar 21 1995,Wimbledon FC,2-0,Manchester City FC
29,Wed Mar 22 1995,Nottingham Forest FC,3-0,Leeds United FC
29,Wed Mar 22 1995,Manchester United FC,3-0,Arsenal FC
29,Wed Mar 22 1995,Tottenham Hotspur FC,0-0,Liverpool FC
34,Wed Mar 22 1995,Southampton FC,3-1,Newcastle United FC
40,Wed Mar 22 1995,Queens Park Rangers FC,1-0,Chelsea FC
36,Sat Apr 1 1995,Everton FC,1-2,Blackburn Rovers FC
36,Sat Apr 1 1995,Ipswich Town FC,0-1,Aston Villa FC
36,Sat Apr 1 1995,Leicester City FC,3-4,Wimbledon FC
36,Sat Apr 1 1995,Arsenal FC,5-1,Norwich City FC
36,Sat Apr 1 1995,Chelsea FC,1-1,Newcastle United FC
36,Sat Apr 1 1995,Sheffield Wednesday FC,1-7,Nottingham Forest FC
36,Sat Apr 1 1995,Crystal Palace FC,2-1,Manchester City FC
36,Sat Apr 1 1995,Coventry City FC,0-1,Queens Park Rangers FC
36,Sun Apr 2 1995,Southampton FC,4-3,Tottenham Hotspur FC
36,Sun Apr 2 1995,Manchester United FC,0-0,Leeds United FC
29,Tue Apr 4 1995,Queens Park Rangers FC,0-1,Blackburn Rovers FC
34,Tue Apr 4 1995,Crystal Palace FC,0-0,Aston Villa FC
28,Wed Apr 5 1995,Leeds United FC,4-0,Ipswich Town FC
29,Wed Apr 5 1995,Leicester City FC,1-0,Norwich City FC
33,Wed Apr 5 1995,Liverpool FC,3-1,Southampton FC
37,Sat Apr 8 1995,Newcastle United FC,3-0,Norwich City FC
37,Sat Apr 8 1995,Sheffield Wednesday FC,1-0,Leicester City FC
37,Sat Apr 8 1995,Queens Park Rangers FC,3-1,Arsenal FC
37,Sat Apr 8 1995,Nottingham Forest FC,1-1,West Ham United FC
37,Sun Apr 9 1995,Liverpool FC,0-1,Leeds United FC
37,Mon Apr 10 1995,Wimbledon FC,1-1,Chelsea FC
25,Tue Apr 11 1995,Tottenham Hotspur FC,2-1,Manchester City FC
34,Tue Apr 11 1995,Ipswich Town FC,0-1,Queens Park Rangers FC
30,Wed Apr 12 1995,Chelsea FC,0-2,Southampton FC
34,Wed Apr 12 1995,Arsenal FC,0-1,Liverpool FC
38,Wed Apr 12 1995,Norwich City FC,0-1,Nottingham Forest FC
38,Fri Apr 14 1995,Manchester City FC,2-1,Liverpool FC
38,Fri Apr 14 1995,Crystal Palace FC,1-1,Tottenham Hotspur FC
38,Fri Apr 14 1995,Everton FC,2-0,Newcastle United FC
38,Fri Apr 14 1995,West Ham United FC,3-0,Wimbledon FC
38,Sat Apr 15 1995,Leeds United FC,1-1,Blackburn Rovers FC
38,Sat Apr 15 1995,Southampton FC,2-1,Queens Park Rangers FC
38,Sat Apr 15 1995,Arsenal FC,4-1,Ipswich Town FC
38,Sat Apr 15 1995,Coventry City FC,2-0,Sheffield Wednesday FC
38,Sat Apr 15 1995,Leicester City FC,0-4,Manchester United FC
38,Sat Apr 15 1995,Chelsea FC,1-0,Aston Villa FC
39,Mon Apr 17 1995,Sheffield Wednesday FC,0-0,Everton FC
39,Mon Apr 17 1995,Tottenham Hotspur FC,1-0,Norwich City FC
39,Mon Apr 17 1995,Queens Park Rangers FC,0-1,Crystal Palace FC
39,Mon Apr 17 1995,Wimbledon FC,0-2,Southampton FC
39,Mon Apr 17 1995,Aston Villa FC,0-4,Arsenal FC
39,Mon Apr 17 1995,Ipswich Town FC,1-1,West Ham United FC
39,Mon Apr 17 1995,Manchester United FC,0-0,Chelsea FC
39,Mon Apr 17 1995,Liverpool FC,2-0,Leicester City FC
39,Mon Apr 17 1995,Newcastle United FC,1-2,Leeds United FC
39,Mon Apr 17 1995,Nottingham Forest FC,2-0,Coventry City FC
39,Mon Apr 17 1995,Blackburn Rovers FC,2-3,Manchester City FC
37,Thu Apr 20 1995,Blackburn Rovers FC,2-1,Crystal Palace FC
23,Sat Apr 29 1995,Chelsea FC,1-0,Queens Park Rangers FC
40,Sat Apr 29 1995,Southampton FC,0-0,Sheffield Wednesday FC
40,Sat Apr 29 1995,Arsenal FC,1-1,Tottenham Hotspur FC
40,Sat Apr 29 1995,Manchester City FC,0-0,Newcastle United FC
40,Sat Apr 29 1995,Crystal Palace FC,1-2,Nottingham Forest FC
40,Sat Apr 29 1995,Norwich City FC,1-2,Liverpool FC
40,Sat Apr 29 1995,Leeds United FC,1-0,Aston Villa FC
40,Sat Apr 29 1995,Leicester City FC,2-0,Ipswich Town FC
40,Sat Apr 29 1995,Everton FC,0-0,Wimbledon FC
40,Sun Apr 30 1995,West Ham United FC,2-0,Blackburn Rovers FC
40,Mon May 1 1995,Coventry City FC,2-3,Manchester United FC
25,Tue May 2 1995,Wimbledon FC,0-0,Liverpool FC
29,Wed May 3 1995,Everton FC,3-3,Chelsea FC
29,Wed May 3 1995,Southampton FC,3-1,Crystal Palace FC
30,Wed May 3 1995,Newcastle United FC,3-3,Tottenham Hotspur FC
30,Wed May 3 1995,West Ham United FC,0-0,Queens Park Rangers FC
37,Wed May 3 1995,Aston Villa FC,1-1,Manchester City FC
41,Thu May 4 1995,Arsenal FC,0-0,Wimbledon FC
41,Sat May 6 1995,Queens Park Rangers FC,2-1,Tottenham Hotspur FC
41,Sat May 6 1995,Leicester City FC,1-1,Chelsea FC
41,Sat May 6 1995,Everton FC,0-0,Southampton FC
41,Sat May 6 1995,Aston Villa FC,2-0,Liverpool FC
41,Sat May 6 1995,Nottingham Forest FC,1-0,Manchester City FC
41,Sat May 6 1995,Crystal Palace FC,1-0,West Ham United FC
41,Sat May 6 1995,Ipswich Town FC,2-0,Coventry City FC
41,Sat May 6 1995,Leeds United FC,2-1,Norwich City FC
41,Sun May 7 1995,Manchester United FC,1-0,Sheffield Wednesday FC
41,Mon May 8 1995,Blackburn Rovers FC,1-0,Newcastle United FC
33,Tue May 9 1995,Leeds United FC,3-1,Crystal Palace FC
37,Tue May 9 1995,Ipswich Town FC,0-1,Everton FC
37,Tue May 9 1995,Tottenham Hotspur FC,1-3,Coventry City FC
36,Wed May 10 1995,West Ham United FC,3-0,Liverpool FC
37,Wed May 10 1995,Manchester United FC,2-1,Southampton FC
42,Sat May 13 1995,Wimbledon FC,2-2,Nottingham Forest FC
42,Sun May 14 1995,Coventry City FC,0-0,Everton FC
42,Sun May 14 1995,Tottenham Hotspur FC,1-1,Leeds United FC
42,Sun May 14 1995,Manchester City FC,2-3,Queens Park Rangers FC
42,Sun May 14 1995,Chelsea FC,2-1,Arsenal FC
42,Sun May 14 1995,Newcastle United FC,3-2,Crystal Palace FC
42,Sun May 14 1995,Norwich City FC,1-1,Aston Villa FC
42,Sun May 14 1995,West Ham United FC,1-1,Manchester United FC
42,Sun May 14 1995,Southampton FC,2-2,Leicester City FC
42,Sun May 14 1995,Liverpool FC,2-1,Blackburn Rovers FC
42,Sun May 14 1995,Sheffield Wednesday FC,4-1,Ipswich Town FC
